Time,Muscle,Side,MQ(0-100),MQ(raw),Fat %
2018-05-06T05:49:40.189Z, total, r, 99.77675, 169.46198, 8
2018-05-06T05:49:34.024Z, upper_back, l, 98.75214, 155.03769, 8.2
2018-05-06T05:49:01.580Z, upper_back, r, 99.39678, 158.94061, 7.6
2018-05-06T05:47:59.069Z, triceps, l, 97.735405, 155.09903, 11.3
2018-05-06T05:47:02.100Z, triceps, r, 98.41152, 157.89185, 10
2018-05-06T05:46:43.524Z, shoulders, l, 98.76093, 151.51909, 9.4
2018-05-06T05:46:28.535Z, shoulders, r, 99.37684, 155.9133, 9
2018-05-06T05:46:09.679Z, quads, l, 99.03588, 165.15968, 10.1
2018-05-06T05:45:52.985Z, quads, r, 99.29803, 168.23787, 8.8
2018-05-06T05:45:20.363Z, lower_back, l, 99.794136, 166.11395, 7.6
2018-05-06T05:45:05.378Z, lower_back, r, 99.81758, 167.08598, 7.5
2018-05-06T05:44:44.720Z, hamstrings, l, 99.73281, 165.26428, 8.5
2018-05-06T05:44:25.638Z, hamstrings, r, 99.698746, 164.38809, 8.6
2018-05-06T05:44:07.011Z, glutes, l, 99.86906, 159.88962, 8.3
2018-05-06T05:43:38.027Z, glutes, r, 99.90724, 162.48257, 7.9
2018-05-06T05:43:18.954Z, forearms, l, 86.606995, 126.230934, 11.7
2018-05-06T05:43:02.435Z, forearms, r, 97.41275, 132.6821, 11.5
2018-05-06T05:42:33.499Z, chest, l, 99.5705, 171.10144, 8.6
2018-05-06T05:41:37.618Z, chest, r, 99.65545, 173.271, 8.1
2018-05-06T05:41:13.768Z, calves, l, 97.102356, 136.83658, 10.3
2018-05-06T05:40:58.734Z, calves, r, 98.535835, 139.89879, 9.7
2018-05-06T05:40:41.591Z, biceps, l, 96.06091, 139.96417, 10
2018-05-06T05:40:27.642Z, biceps, r, 95.7262, 139.5552, 10.4
2018-05-06T05:40:11.528Z, abs, l, 99.481346, 177.98813, 6.2
2018-05-06T05:39:34.859Z, abs, r, 99.63516, 182.25623, 6
2018-04-29T06:58:40.992Z, total, r, 99.742935, 168.32684, 7.8
2018-04-29T06:58:34.853Z, upper_back, l, 99.612015, 161.28606, 7.6
2018-04-29T06:57:48.958Z, upper_back, r, 99.65699, 161.9389, 7.3
2018-04-29T06:57:05.764Z, triceps, l, 97.57513, 154.55423, 10.8
2018-04-29T06:56:49.201Z, triceps, r, 98.72494, 159.60117, 10.2
2018-04-29T06:56:26.158Z, shoulders, l, 99.096825, 153.54922, 9.6
2018-04-29T06:55:48.993Z, shoulders, r, 99.47296, 156.97562, 9.3
2018-04-29T06:55:28.067Z, quads, l, 99.44952, 170.5838, 8.8
2018-04-29T06:55:13.041Z, quads, r, 98.80101, 163.03117, 8.5
2018-04-29T06:54:29.077Z, lower_back, l, 99.6885, 162.77942, 8.3
2018-04-29T06:54:09.184Z, lower_back, r, 99.734215, 164.05826, 7.9
2018-04-29T06:53:49.748Z, hamstrings, l, 99.70974, 164.65974, 8.5
2018-04-29T06:53:34.755Z, hamstrings, r, 99.51355, 160.88019, 9
2018-04-29T06:53:18.870Z, glutes, l, 99.75555, 155.18619, 9.2
2018-04-29T06:53:03.084Z, glutes, r, 99.899345, 161.86816, 8.1
2018-04-29T06:52:39.586Z, forearms, l, 81.8618, 124.60684, 10.7
2018-04-29T06:52:08.364Z, forearms, r, 97.886894, 133.38095, 9.3
2018-04-29T06:51:48.781Z, chest, l, 99.52519, 170.11235, 8.2
2018-04-29T06:50:59.954Z, chest, r, 99.79816, 178.51968, 7.5
2018-04-29T06:48:44.561Z, calves, l, 97.92705, 138.35344, 9.8
2018-04-29T06:48:23.454Z, calves, r, 99.12206, 142.13669, 9.7
2018-04-29T06:48:05.232Z, biceps, l, 96.23333, 140.18704, 9.9
2018-04-29T06:47:50.237Z, biceps, r, 92.65056, 136.71057, 10.3
2018-04-29T06:47:35.534Z, abs, l, 99.503716, 178.52399, 6.6
2018-04-29T06:46:54.360Z, abs, r, 99.637924, 182.3482, 6
2018-04-22T06:32:31.456Z, total, r, 99.69117, 166.84868, 8
2018-04-22T06:32:29.597Z, upper_back, l, 99.50033, 159.94305, 7.5
2018-04-22T06:32:14.479Z, upper_back, r, 99.39546, 158.92892, 7.7
2018-04-22T06:31:05.852Z, triceps, l, 97.495636, 154.29643, 11.3
2018-04-22T06:30:50.014Z, triceps, r, 98.371864, 157.69916, 10
2018-04-22T06:30:31.970Z, shoulders, l, 99.54528, 157.90948, 9.1
2018-04-22T06:30:08.206Z, shoulders, r, 99.734985, 161.31384, 8.1
2018-04-22T06:29:04.934Z, quads, l, 99.44521, 170.50877, 8.1
2018-04-22T06:28:42.978Z, quads, r, 99.28355, 168.04031, 8.2
2018-04-22T06:28:19.041Z, lower_back, l, 99.72027, 163.64618, 8.1
2018-04-22T06:28:02.433Z, lower_back, r, 99.808975, 166.71552, 7.4
2018-04-22T06:27:22.250Z, hamstrings, l, 99.73279, 165.2638, 8.5
2018-04-22T06:27:07.221Z, hamstrings, r, 99.6845, 164.0505, 8.7
2018-04-22T06:26:25.736Z, glutes, l, 99.77825, 155.92146, 8.8
2018-04-22T06:25:54.135Z, glutes, r, 99.96795, 170.46394, 7.2
2018-04-22T06:25:30.065Z, forearms, l, 80.75324, 124.24492, 10.2
2018-04-22T06:25:15.086Z, forearms, r, 96.59506, 131.71773, 9.1
2018-04-22T06:24:57.693Z, chest, l, 99.73018, 175.67317, 7.8
2018-04-22T06:24:39.753Z, chest, r, 99.46422, 168.9194, 8.2
2018-04-22T06:23:02.020Z, calves, l, 97.534874, 137.57286, 9.7
2018-04-22T06:22:45.545Z, calves, r, 98.4271, 139.58234, 9.7
2018-04-22T06:22:26.691Z, biceps, l, 95.91762, 139.78546, 10
2018-04-22T06:22:12.389Z, biceps, r, 95.769196, 139.60612, 9.7
2018-04-22T06:21:57.943Z, abs, l, 99.45092, 177.29485, 6.3
2018-04-22T06:21:34.500Z, abs, r, 99.32653, 174.80655, 7.6
2018-04-15T07:05:06.507Z, total, r, 99.720856, 167.6632, 7.9
2018-04-15T07:05:00.375Z, upper_back, l, 97.878876, 152.13284, 8.4
2018-04-15T07:04:24.154Z, upper_back, r, 98.56851, 154.29204, 8.4
2018-04-15T07:03:36.884Z, triceps, l, 97.675964, 154.89288, 11.6
2018-04-15T07:03:13.791Z, triceps, r, 98.502426, 158.35156, 10.5
2018-04-15T07:02:58.185Z, shoulders, l, 99.036804, 153.13751, 9.4
2018-04-15T07:02:41.449Z, shoulders, r, 99.00586, 152.93494, 9.4
2018-04-15T07:02:20.790Z, quads, l, 99.17352, 166.65657, 9.5
2018-04-15T07:02:05.850Z, quads, r, 99.25105, 167.61115, 8.1
2018-04-15T07:01:44.161Z, lower_back, l, 99.67937, 162.54637, 8.2
2018-04-15T07:01:27.331Z, lower_back, r, 99.71586, 163.5202, 8.2
2018-04-15T07:01:00.464Z, hamstrings, l, 99.80637, 167.61246, 8.7
2018-04-15T07:00:44.764Z, hamstrings, r, 99.66605, 163.63521, 9
2018-04-15T07:00:27.664Z, glutes, l, 99.84712, 158.72359, 8.7
2018-04-15T06:59:59.040Z, glutes, r, 99.84193, 158.47206, 8.5
2018-04-15T06:59:36.766Z, forearms, l, 84.22903, 125.395485, 10.8
2018-04-15T06:59:21.245Z, forearms, r, 98.08857, 133.7242, 9.5
2018-04-15T06:59:03.603Z, chest, l, 99.41806, 168.1022, 8.7
2018-04-15T06:58:42.182Z, chest, r, 99.366684, 167.26462, 9.2
2018-04-15T06:58:13.521Z, calves, l, 97.72453, 137.93454, 9.8
2018-04-15T06:57:58.532Z, calves, r, 98.179245, 138.93292, 10.5
2018-04-15T06:57:40.350Z, biceps, l, 93.05085, 137.01743, 11.3
2018-04-15T06:57:25.139Z, biceps, r, 95.94009, 139.81311, 10.8
2018-04-15T06:57:09.305Z, abs, l, 99.11403, 171.45059, 7
2018-04-15T06:56:54.278Z, abs, r, 99.4387, 177.02689, 6.5
2018-04-08T06:45:56.997Z, total, r, 99.76894, 169.18535, 7.7
2018-04-08T06:45:50.881Z, upper_back, l, 99.391426, 158.89345, 7.5
2018-04-08T06:44:34.579Z, upper_back, r, 99.35691, 158.59924, 7.8
2018-04-08T06:44:00.341Z, triceps, l, 94.77451, 148.21503, 13.5
2018-04-08T06:43:40.309Z, triceps, r, 98.10553, 156.51065, 10.8
2018-04-08T06:43:15.702Z, shoulders, l, 99.01248, 152.97778, 9.6
2018-04-08T06:42:55.587Z, shoulders, r, 99.23658, 154.62224, 9.1
2018-04-08T06:42:41.992Z, quads, l, 99.190155, 166.8537, 8.3
2018-04-08T06:42:17.335Z, quads, r, 99.43165, 170.27602, 7.6
2018-04-08T06:41:55.193Z, lower_back, l, 99.757545, 164.79787, 7.8
2018-04-08T06:41:36.391Z, lower_back, r, 99.84785, 168.54364, 7.1
2018-04-08T06:41:13.710Z, hamstrings, l, 99.67581, 163.85193, 8.9
2018-04-08T06:40:55.657Z, hamstrings, r, 99.688225, 164.13724, 8.6
2018-04-08T06:40:18.670Z, glutes, l, 99.75206, 155.07928, 9.1
2018-04-08T06:39:33.315Z, glutes, r, 99.57032, 150.92099, 10.3
2018-04-08T06:39:07.035Z, forearms, l, 87.7043, 126.6401, 10.4
2018-04-08T06:38:46.509Z, forearms, r, 93.31272, 129.21863, 9.9
2018-04-08T06:38:31.166Z, chest, l, 99.34927, 166.99591, 8.8
2018-04-08T06:37:23.892Z, chest, r, 99.78826, 178.05063, 7.6
2018-04-08T06:35:44.226Z, calves, l, 99.10005, 142.02904, 8.7
2018-04-08T06:35:27.440Z, calves, r, 99.1126, 142.09009, 9.3
2018-04-08T06:35:01.342Z, biceps, l, 85.57012, 132.57455, 12.1
2018-04-08T06:34:43.204Z, biceps, r, 87.490654, 133.54317, 11.6
2018-04-08T06:34:26.736Z, abs, l, 99.55568, 179.8671, 6.1
2018-04-08T06:33:55.182Z, abs, r, 99.58753, 180.76935, 6
2018-04-01T06:55:07.194Z, total, r, 99.6397, 165.60529, 8.6
2018-04-01T06:55:01.050Z, upper_back, l, 98.59659, 154.39984, 8
2018-04-01T06:54:14.933Z, upper_back, r, 98.867805, 155.56403, 7.8
2018-04-01T06:53:39.066Z, triceps, l, 98.32726, 157.48776, 11.8
2018-04-01T06:53:13.456Z, triceps, r, 98.93525, 160.99367, 10.1
2018-04-01T06:52:49.070Z, shoulders, l, 98.969215, 152.7028, 9.5
2018-04-01T06:52:23.782Z, shoulders, r, 99.38075, 155.95328, 9.1
2018-04-01T06:51:52.144Z, quads, l, 99.1228, 166.0784, 8.8
2018-04-01T06:51:15.205Z, quads, r, 98.6114, 161.58984, 9.3
2018-04-01T06:50:50.590Z, lower_back, l, 99.85932, 169.17328, 7.6
2018-04-01T06:50:29.703Z, lower_back, r, 99.80192, 166.42401, 7.6
2018-04-01T06:49:23.426Z, hamstrings, l, 99.74907, 165.72253, 8
2018-04-01T06:48:49.678Z, hamstrings, r, 99.74213, 165.52335, 8.4
2018-04-01T06:48:27.084Z, glutes, l, 99.63305, 152.1164, 9.2
2018-04-01T06:48:10.533Z, glutes, r, 99.803085, 156.8169, 8.8
2018-04-01T06:47:53.066Z, forearms, l, 87.7015, 126.63903, 11.2
2018-04-01T06:47:35.473Z, forearms, r, 95.85375, 131.01105, 9.9
2018-04-01T06:47:12.785Z, chest, l, 99.56661, 171.01248, 8.5
2018-04-01T06:44:47.616Z, chest, r, 99.62515, 172.44177, 7.9
2018-04-01T06:43:47.635Z, calves, l, 98.844604, 140.9393, 9
2018-04-01T06:43:25.231Z, calves, r, 98.16261, 138.89243, 10.3
2018-04-01T06:43:07.858Z, biceps, l, 93.35616, 137.26099, 10.8
2018-04-01T06:42:51.347Z, biceps, r, 96.638084, 140.7486, 10.5
2018-04-01T06:42:33.029Z, abs, l, 99.26907, 173.80661, 6.6
2018-04-01T06:41:47.487Z, abs, r, 99.294106, 174.23235, 6.9
2018-03-25T07:32:03.333Z, total, r, 99.72145, 167.68048, 8
2018-03-25T07:32:00.304Z, upper_back, l, 99.42413, 159.18788, 7.7
2018-03-25T07:31:07.080Z, upper_back, r, 99.253, 157.79898, 8
2018-03-25T07:30:34.321Z, triceps, l, 98.3396, 157.54568, 10.6
2018-03-25T07:30:13.258Z, triceps, r, 98.9484, 161.08945, 9.1
2018-03-25T07:29:45.495Z, shoulders, l, 99.53738, 157.8006, 8.8
2018-03-25T07:29:27.584Z, shoulders, r, 99.71059, 160.7594, 8.7
2018-03-25T07:29:08.238Z, quads, l, 98.208244, 159.06862, 10
2018-03-25T07:28:52.306Z, quads, r, 98.28485, 159.50275, 8.8
2018-03-25T07:28:32.687Z, lower_back, l, 99.75346, 164.66348, 7.5
2018-03-25T07:28:15.900Z, lower_back, r, 99.902435, 172.1094, 7.1
2018-03-25T07:27:56.687Z, hamstrings, l, 99.88686, 171.5227, 7.3
2018-03-25T07:27:38.370Z, hamstrings, r, 99.60579, 162.42139, 8.6
2018-03-25T07:27:18.438Z, glutes, l, 99.83249, 158.0354, 9
2018-03-25T07:26:58.462Z, glutes, r, 99.801384, 156.7521, 9.3
2018-03-25T07:26:36.005Z, forearms, l, 85.18895, 125.72585, 11.1
2018-03-25T07:26:19.403Z, forearms, r, 95.104744, 130.40273, 10
2018-03-25T07:25:53.795Z, chest, l, 99.46279, 168.89304, 8.3
2018-03-25T07:25:27.472Z, chest, r, 99.482994, 169.27182, 8.4
2018-03-25T07:25:06.099Z, calves, l, 99.14854, 142.26968, 9
2018-03-25T07:24:42.651Z, calves, r, 99.4161, 143.90186, 8.7
2018-03-25T07:24:23.211Z, biceps, l, 95.54558, 139.34613, 10.9
2018-03-25T07:24:02.281Z, biceps, r, 95.37953, 139.16037, 10.8
2018-03-25T07:23:42.849Z, abs, l, 98.9869, 169.80252, 7.3
2018-03-25T07:23:16.474Z, abs, r, 99.64093, 182.44923, 6
2018-03-11T07:24:28.568Z, total, r, 99.75816, 168.81856, 7.4
2018-03-11T07:24:22.419Z, upper_back, l, 99.55461, 160.55411, 7.2
2018-03-11T07:23:49.571Z, upper_back, r, 99.32964, 158.37758, 7.7
2018-03-11T07:23:03.033Z, triceps, l, 98.295815, 157.34189, 11.5
2018-03-11T07:22:47.621Z, triceps, r, 99.204056, 163.22757, 8.6
2018-03-11T07:22:06.783Z, shoulders, l, 98.41827, 149.93756, 10.5
2018-03-11T07:21:45.748Z, shoulders, r, 99.55329, 158.02191, 8.8
2018-03-11T07:21:28.865Z, quads, l, 99.338005, 168.80457, 9.1
2018-03-11T07:20:52.985Z, quads, r, 99.28151, 168.01294, 8.2
2018-03-11T07:20:02.024Z, lower_back, l, 99.863014, 169.38683, 7.6
2018-03-11T07:19:43.839Z, lower_back, r, 99.82928, 167.6186, 7.3
2018-03-11T07:19:14.062Z, hamstrings, l, 99.60615, 162.42801, 9
2018-03-11T07:18:30.413Z, hamstrings, r, 99.626564, 162.81763, 8.5
2018-03-11T07:18:13.800Z, glutes, l, 99.81839, 157.42682, 8.8
2018-03-11T07:17:44.433Z, glutes, r, 99.87645, 160.3269, 8.8
2018-03-11T07:16:55.692Z, forearms, l, 72.44665, 121.73399, 11.7
2018-03-11T07:16:23.922Z, forearms, r, 92.65383, 128.8483, 10.4
2018-03-11T07:15:50.511Z, chest, l, 99.699844, 174.62689, 8.5
2018-03-11T07:14:51.681Z, chest, r, 99.320114, 166.56128, 10.5
2018-03-11T07:14:29.210Z, calves, l, 97.05884, 136.76823, 10.1
2018-03-11T07:14:10.652Z, calves, r, 99.00485, 141.59132, 9.4
2018-03-11T07:13:07.843Z, biceps, l, 93.217735, 137.14948, 11.4
2018-03-11T07:12:35.699Z, biceps, r, 91.147705, 135.66129, 11.3
2018-03-11T07:11:35.259Z, abs, l, 99.217026, 172.96521, 7.4
2018-03-11T07:11:22.020Z, abs, r, 99.34871, 175.21518, 7.3
2018-03-11T07:09:36.994Z, abs, r, 99.86767, 194.49596, 7
2018-03-04T08:13:36.635Z, upper_back, l, 99.23163, 157.64809, 7.7
2018-03-04T08:13:09.311Z, total, r, 99.699295, 167.06364, 8.4
2018-03-04T08:12:50.822Z, upper_back, r, 99.12543, 156.95416, 7.9
2018-03-04T08:12:16.308Z, triceps, l, 98.68111, 159.3392, 10.1
2018-03-04T08:11:52.856Z, triceps, r, 98.94147, 161.0388, 10
2018-03-04T08:11:28.110Z, shoulders, l, 98.79273, 151.6867, 9.7
2018-03-04T08:11:10.240Z, shoulders, r, 98.98041, 152.77286, 9.5
2018-03-04T08:10:51.713Z, quads, l, 98.666145, 161.98546, 9.7
2018-03-04T08:10:35.145Z, quads, r, 99.07403, 165.55252, 8.6
2018-03-04T08:10:13.101Z, lower_back, l, 99.68971, 162.81079, 8.4
2018-03-04T08:09:56.443Z, lower_back, r, 99.72182, 163.69109, 7.7
2018-03-04T08:09:38.715Z, hamstrings, l, 99.81539, 167.95972, 8.5
2018-03-04T08:09:01.729Z, hamstrings, r, 99.7809, 166.7117, 9
2018-03-04T08:08:22.041Z, glutes, l, 99.48679, 149.57281, 11.2
2018-03-04T08:08:05.484Z, glutes, r, 99.4195, 148.63594, 10.5
2018-03-04T08:07:42.084Z, forearms, l, 86.53269, 126.203865, 10.1
2018-03-04T08:07:27.047Z, forearms, r, 94.05695, 129.67389, 10
2018-03-04T08:07:02.033Z, chest, l, 99.751335, 176.47421, 8.7
2018-03-04T08:06:18.375Z, chest, r, 99.61984, 172.3033, 8.1
2018-03-04T08:05:27.756Z, calves, l, 99.024414, 141.67786, 9
2018-03-04T08:05:06.204Z, calves, r, 98.14248, 138.84387, 9.9
2018-03-04T08:04:35.515Z, biceps, l, 82.599785, 131.17656, 12.4
2018-03-04T08:04:20.230Z, biceps, r, 90.86119, 135.47636, 11.5
2018-03-04T08:03:58.839Z, abs, l, 99.13269, 171.71176, 6.9
2018-03-04T08:03:34.041Z, abs, r, 99.31502, 174.59964, 7.3
2018-02-25T07:28:48.177Z, total, r, 99.807175, 170.64003, 7.4
2018-02-25T07:28:42.038Z, upper_back, l, 99.617874, 161.36674, 7.3
2018-02-25T07:27:51.719Z, upper_back, r, 99.63949, 161.6753, 7
2018-02-25T07:26:54.169Z, triceps, l, 98.07355, 156.37878, 10
2018-02-25T07:26:31.355Z, triceps, r, 99.16474, 162.85843, 8.6
2018-02-25T07:26:01.700Z, shoulders, l, 98.02235, 148.47665, 10.5
2018-02-25T07:25:43.928Z, shoulders, r, 98.67984, 151.1098, 9.8
2018-02-25T07:25:20.252Z, quads, l, 99.24349, 167.51387, 9.9
2018-02-25T07:25:05.274Z, quads, r, 99.31627, 168.49237, 8.5
2018-02-25T07:24:44.749Z, lower_back, l, 99.841156, 168.1977, 7.3
2018-02-25T07:24:16.579Z, lower_back, r, 99.929565, 174.72113, 6.8
2018-02-25T07:23:46.255Z, hamstrings, l, 99.67791, 163.89954, 8.5
2018-02-25T07:23:28.703Z, hamstrings, r, 99.69909, 164.39636, 8.8
2018-02-25T07:23:10.795Z, glutes, l, 99.72691, 154.35, 10
2018-02-25T07:22:54.544Z, glutes, r, 99.89826, 161.7878, 8.2
2018-02-25T07:22:10.305Z, forearms, l, 72.6211, 121.78633, 11.3
2018-02-25T07:21:52.218Z, forearms, r, 96.28342, 131.4053, 9.3
2018-02-25T07:21:34.893Z, chest, l, 99.57962, 171.31297, 9
2018-02-25T07:20:40.993Z, chest, r, 99.68057, 174.01524, 8.3
2018-02-25T07:19:48.571Z, calves, l, 99.358055, 143.4928, 8.8
2018-02-25T07:18:40.970Z, calves, r, 99.67548, 146.42615, 8.5
2018-02-25T07:18:00.660Z, biceps, l, 92.90316, 136.90263, 10.4
2018-02-25T07:17:42.840Z, biceps, r, 87.36623, 133.47821, 11.5
2018-02-25T07:17:26.056Z, abs, l, 99.21396, 172.9173, 6.6
2018-02-25T07:17:08.862Z, abs, r, 99.58067, 180.56927, 6.2
2018-02-18T07:25:47.211Z, total, r, 99.725235, 167.79066, 7.8
2018-02-18T07:25:44.194Z, upper_back, l, 99.70609, 162.75642, 7
2018-02-18T07:25:01.168Z, upper_back, r, 96.43526, 149.20334, 8.7
2018-02-18T07:24:21.395Z, triceps, l, 97.96028, 155.92798, 9.6
2018-02-18T07:23:48.591Z, triceps, r, 98.3781, 157.72914, 10.2
2018-02-18T07:23:26.991Z, shoulders, l, 98.04538, 148.55365, 10.1
2018-02-18T07:23:11.106Z, shoulders, r, 99.14173, 153.87518, 9.6
2018-02-18T07:22:51.439Z, quads, l, 99.37285, 169.32657, 8.7
2018-02-18T07:22:19.170Z, quads, r, 99.19089, 166.86244, 8.3
2018-02-18T07:21:45.646Z, lower_back, l, 99.84723, 168.51082, 7.5
2018-02-18T07:21:27.376Z, lower_back, r, 99.804634, 166.53488, 7.6
2018-02-18T07:20:56.645Z, hamstrings, l, 99.85689, 169.81326, 7.6
2018-02-18T07:20:36.352Z, hamstrings, r, 99.655495, 163.40756, 8.5
2018-02-18T07:19:41.006Z, glutes, l, 99.80414, 156.85747, 9.1
2018-02-18T07:19:09.050Z, glutes, r, 99.90466, 162.27597, 8.1
2018-02-18T07:18:50.916Z, forearms, l, 88.32107, 126.878914, 9.8
2018-02-18T07:18:35.620Z, forearms, r, 91.735756, 128.3729, 11.1
2018-02-18T07:18:07.449Z, chest, l, 99.129585, 164.10521, 9.1
2018-02-18T07:17:02.830Z, chest, r, 99.651955, 173.17183, 8
2018-02-18T07:15:26.528Z, calves, l, 98.32883, 139.31387, 9.1
2018-02-18T07:15:09.705Z, calves, r, 99.40593, 143.82738, 8.6
2018-02-18T07:14:46.753Z, biceps, l, 92.357796, 136.49426, 10.9
2018-02-18T07:14:31.355Z, biceps, r, 91.58031, 135.94882, 11.3
2018-02-18T07:14:07.057Z, abs, l, 99.51408, 178.78041, 6
2018-02-11T07:58:51.520Z, total, r, 99.75484, 168.70854, 7.5
2018-02-11T07:49:29.170Z, upper_back, l, 99.15457, 157.13599, 7.7
2018-02-11T07:48:32.864Z, upper_back, r, 98.34895, 153.51292, 8.3
2018-02-11T07:47:33.338Z, triceps, l, 98.67694, 159.31473, 10.6
2018-02-11T07:47:16.818Z, triceps, r, 98.48428, 158.25772, 9.6
2018-02-11T07:46:33.528Z, shoulders, l, 99.69489, 160.4269, 8.4
2018-02-11T07:46:16.067Z, shoulders, r, 99.73056, 161.20952, 8.3
2018-02-11T07:45:51.236Z, quads, l, 98.90992, 163.96248, 8.8
2018-02-11T07:45:33.773Z, quads, r, 99.22615, 167.29439, 7.9
2018-02-11T07:45:07.265Z, lower_back, l, 99.76838, 165.1657, 7.9
2018-02-11T07:44:39.238Z, lower_back, r, 99.71551, 163.51025, 7.9
2018-02-11T07:44:19.792Z, hamstrings, l, 99.87367, 170.72092, 7.7
2018-02-11T07:43:52.573Z, hamstrings, r, 99.712616, 164.7323, 8.6
2018-02-11T07:43:34.392Z, glutes, l, 99.69144, 153.42715, 9.2
2018-02-11T07:43:16.474Z, glutes, r, 99.92153, 163.73947, 7.8
2018-02-11T07:42:13.749Z, forearms, l, 80.84619, 124.27518, 10.9
2018-02-11T07:41:57.238Z, forearms, r, 94.01248, 129.64542, 9.7
2018-02-11T07:41:15.118Z, chest, l, 99.769455, 177.21642, 7.7
2018-02-11T07:40:39.839Z, chest, r, 99.717804, 175.23273, 8.2
2018-02-11T07:38:46.350Z, calves, l, 99.297874, 143.10547, 8.9
2018-02-11T07:38:29.790Z, calves, r, 99.09333, 141.99669, 9
2018-02-11T07:38:04.410Z, biceps, l, 93.58147, 137.44653, 10.5
2018-02-11T07:37:48.615Z, biceps, r, 94.8252, 138.57944, 10.6
2018-02-11T07:37:19.415Z, abs, l, 99.61066, 181.46861, 6
2018-02-11T07:36:47.862Z, abs, r, 99.58082, 180.57349, 6.1
2018-02-04T08:09:46.387Z, total, r, 99.7639, 169.01178, 7.5
2018-02-04T08:09:40.240Z, upper_back, l, 99.788994, 164.50713, 7
2018-02-04T08:08:54.887Z, upper_back, r, 99.1983, 157.42068, 7.9
2018-02-04T08:08:18.880Z, triceps, l, 98.659294, 159.21194, 10.2
2018-02-04T08:07:56.928Z, triceps, r, 98.92198, 160.89828, 9.3
2018-02-04T08:07:33.394Z, shoulders, l, 99.174324, 154.12231, 9.3
2018-02-04T08:07:18.322Z, shoulders, r, 99.36136, 155.7575, 8.7
2018-02-04T08:07:02.075Z, quads, l, 99.135765, 166.22302, 8.6
2018-02-04T08:06:45.554Z, quads, r, 99.11837, 166.02946, 8.2
2018-02-04T08:06:27.426Z, lower_back, l, 99.84874, 168.5906, 7.7
2018-02-04T08:06:01.055Z, lower_back, r, 99.8899, 171.13983, 7.1
2018-02-04T08:05:36.082Z, hamstrings, l, 99.780525, 166.69922, 8.5
2018-02-04T08:05:19.567Z, hamstrings, r, 99.64771, 163.24426, 8.7
2018-02-04T08:05:02.100Z, glutes, l, 99.79618, 156.55722, 8.4
2018-02-04T08:04:06.846Z, glutes, r, 99.837105, 158.24586, 9.5
2018-02-04T08:03:44.526Z, forearms, l, 84.588, 125.51811, 10.6
2018-02-04T08:03:28.688Z, forearms, r, 97.6309, 132.98727, 9
2018-02-04T08:03:10.410Z, chest, l, 99.54119, 170.45047, 7.5
2018-02-04T08:01:23.445Z, chest, r, 99.3898, 167.63284, 8.9
2018-02-04T07:59:39.324Z, calves, l, 99.15778, 142.31711, 8.6
2018-02-04T07:59:22.766Z, calves, r, 98.438545, 139.61462, 9.6
2018-02-04T07:59:06.069Z, biceps, l, 95.94121, 139.8145, 10.9
2018-02-04T07:58:49.684Z, biceps, r, 90.12218, 135.01736, 11.7
2018-02-04T07:58:34.840Z, abs, l, 99.13056, 171.68176, 6.9
2018-02-04T07:58:20.705Z, abs, r, 99.5644, 180.1076, 6.2
2018-02-04T07:55:42.082Z, calves, r, 99.31241, 143.19592, 10
2018-02-04T07:54:54.883Z, biceps, l, 91.40777, 135.83289, 11.7
2018-02-04T07:54:34.676Z, biceps, r, 84.679, 132.14528, 11.7
2018-02-04T07:54:15.736Z, abs, l, 98.29564, 163.34575, 8.4
2018-02-04T07:53:58.809Z, abs, r, 99.1509, 171.97205, 7.2
2018-01-28T08:28:16.580Z, total, r, 99.631134, 165.41556, 8.4
2018-01-28T08:28:10.433Z, upper_back, l, 99.48833, 159.8169, 7.6
2018-01-28T08:27:53.103Z, upper_back, r, 99.652466, 161.86954, 6.9
2018-01-28T08:27:09.864Z, triceps, l, 98.75562, 159.78983, 9.2
2018-01-28T08:26:51.595Z, triceps, r, 98.7077, 159.49713, 9.2
2018-01-28T08:26:31.832Z, shoulders, l, 98.94411, 152.54837, 10
2018-01-28T08:26:03.623Z, shoulders, r, 99.01143, 152.97092, 9.4
2018-01-28T08:25:47.285Z, quads, l, 98.23983, 159.24545, 9.2
2018-01-28T08:25:22.579Z, quads, r, 98.3631, 159.96576, 9.4
2018-01-28T08:24:27.599Z, lower_back, l, 99.85934, 169.17392, 7.3
2018-01-28T08:24:10.945Z, lower_back, r, 99.86009, 169.21721, 7.3
2018-01-28T08:23:42.195Z, hamstrings, l, 99.590416, 162.14127, 8.6
2018-01-28T08:23:27.207Z, hamstrings, r, 99.58749, 162.08896, 8.4
2018-01-28T08:23:10.511Z, glutes, l, 99.906425, 162.41646, 8.2
2018-01-28T08:22:46.567Z, glutes, r, 99.91458, 163.10179, 7.9
2018-01-28T08:22:25.153Z, forearms, l, 97.41164, 132.6806, 9
2018-01-28T08:22:08.678Z, forearms, r, 93.91537, 129.58383, 9.8
2018-01-28T08:21:49.282Z, chest, l, 99.46242, 168.88626, 8.4
2018-01-28T08:20:11.903Z, chest, r, 99.61266, 172.11922, 8.1
2018-01-28T08:19:35.101Z, calves, l, 98.99875, 141.56468, 8.9
2018-01-28T08:19:18.676Z, calves, r, 99.52348, 144.77715, 8.6
2018-01-28T08:19:00.626Z, biceps, l, 97.564316, 142.31122, 9.5
2018-01-28T08:18:44.880Z, biceps, r, 94.258934, 138.03836, 10.1
2018-01-28T08:18:29.265Z, abs, l, 99.160934, 172.11778, 7.1
2018-01-28T08:18:10.091Z, abs, r, 99.427376, 176.78378, 6.9
2018-01-28T08:17:17.894Z, total, r, 99.71397, 167.46689, 7.8
2018-01-28T08:17:11.777Z, quads, r, 99.148125, 166.36282, 7.9
2018-01-28T08:16:51.789Z, abs, r, 99.517975, 178.87811, 6.4
2018-01-28T08:15:57.257Z, triceps, r, 98.25574, 157.15973, 9.5
2018-01-21T08:20:48.171Z, total, r, 99.739426, 168.21777, 7.7
2018-01-21T08:20:45.513Z, upper_back, l, 99.23023, 157.63837, 7.4
2018-01-21T08:19:37.750Z, upper_back, r, 99.293365, 158.09604, 7.8
2018-01-21T08:18:42.579Z, triceps, l, 98.723495, 159.5924, 8.8
2018-01-21T08:18:20.973Z, triceps, r, 98.442924, 158.04773, 9.3
2018-01-21T08:17:59.917Z, shoulders, l, 98.85517, 152.02866, 9.4
2018-01-21T08:17:43.450Z, shoulders, r, 98.11117, 148.77843, 11
2018-01-21T08:16:59.984Z, quads, l, 99.36585, 169.21948, 8.7
2018-01-21T08:16:42.522Z, quads, r, 98.97676, 164.57993, 8.5
2018-01-21T08:16:24.028Z, lower_back, l, 99.84716, 168.5074, 7.4
2018-01-21T08:16:07.599Z, lower_back, r, 99.75028, 164.56044, 8.1
2018-01-21T08:15:43.563Z, hamstrings, l, 99.68467, 164.05438, 8.8
2018-01-21T08:15:28.590Z, hamstrings, r, 99.65148, 163.32289, 8.4
2018-01-21T08:15:07.260Z, glutes, l, 99.71901, 154.1344, 8.8
2018-01-21T08:14:38.369Z, glutes, r, 99.85612, 159.18028, 8.6
2018-01-21T08:14:17.852Z, forearms, l, 77.312675, 123.1938, 10.5
2018-01-21T08:14:01.514Z, forearms, r, 97.94438, 133.47552, 9.3
2018-01-21T08:13:32.795Z, chest, l, 99.40078, 167.81262, 8.6
2018-01-21T08:11:52.134Z, chest, r, 99.65405, 173.2312, 7.9
2018-01-21T08:10:18.721Z, calves, l, 99.41813, 143.91687, 9.1
2018-01-21T08:09:12.079Z, calves, r, 98.22999, 139.0587, 9.7
2018-01-21T08:08:19.380Z, biceps, l, 88.26483, 133.95563, 12.1
2018-01-21T08:08:04.167Z, biceps, r, 92.758865, 136.79228, 11
2018-01-21T08:07:43.430Z, abs, l, 99.13008, 171.67494, 7.1
2018-01-21T08:07:25.747Z, abs, r, 99.62815, 182.02567, 6.2
2018-01-14T08:27:05.044Z, total, r, 99.604385, 164.85002, 7.9
2018-01-14T08:26:58.905Z, upper_back, l, 97.99514, 152.4449, 7.8
2018-01-14T08:26:39.326Z, upper_back, r, 99.22621, 157.61047, 7.8
2018-01-14T08:25:53.879Z, triceps, l, 98.80273, 160.08835, 9.7
2018-01-14T08:25:35.337Z, triceps, r, 98.84431, 160.36145, 10.5
2018-01-14T08:25:08.695Z, shoulders, l, 98.61526, 150.80084, 9.6
2018-01-14T08:24:41.884Z, shoulders, r, 98.55144, 150.5089, 9.8
2018-01-14T08:24:22.534Z, quads, l, 99.133804, 166.20103, 9.1
2018-01-14T08:24:04.263Z, quads, r, 99.17365, 166.6581, 8.3
2018-01-14T08:23:44.239Z, lower_back, l, 99.862335, 169.34694, 7.2
2018-01-14T08:23:27.724Z, lower_back, r, 99.7592, 164.85315, 8
2018-01-14T08:22:50.374Z, hamstrings, l, 99.75691, 165.95412, 8.3
2018-01-14T08:22:29.360Z, hamstrings, r, 99.693474, 164.26144, 8.9
2018-01-14T08:22:10.728Z, glutes, l, 99.8362, 158.20392, 8.4
2018-01-14T08:21:52.776Z, glutes, r, 99.89104, 161.27188, 8
2018-01-14T08:21:33.424Z, forearms, l, 81.884834, 124.614395, 10.3
2018-01-14T08:21:14.977Z, forearms, r, 94.251305, 129.80045, 9.1
2018-01-14T08:20:56.975Z, chest, l, 99.33407, 166.76692, 8.9
2018-01-14T08:20:19.764Z, chest, r, 99.78392, 177.8517, 7.9
2018-01-14T08:19:49.970Z, calves, l, 98.87663, 141.06226, 8.3
2018-01-14T08:19:12.930Z, calves, r, 96.369644, 135.79372, 9.5
2018-01-14T08:18:26.770Z, biceps, l, 91.46359, 135.87021, 11
2018-01-14T08:18:11.737Z, biceps, r, 93.759094, 137.59656, 10.7
2018-01-14T08:17:53.921Z, abs, l, 97.902115, 160.72893, 8.8
2018-01-14T08:17:22.644Z, abs, r, 98.78215, 167.53049, 8
2018-01-07T08:54:12.563Z, total, r, 99.67263, 166.37866, 8
2018-01-07T08:54:10.734Z, upper_back, l, 98.86315, 155.54187, 8
2018-01-07T08:53:24.838Z, upper_back, r, 99.64827, 161.80588, 7.6
2018-01-07T08:52:48.836Z, triceps, l, 97.94038, 155.8512, 10.4
2018-01-07T08:52:24.674Z, triceps, r, 98.52196, 158.45384, 9.6
2018-01-07T08:51:58.398Z, shoulders, l, 98.271065, 149.35742, 10
2018-01-07T08:51:10.914Z, shoulders, r, 97.6762, 147.4114, 11.2
2018-01-07T08:50:53.505Z, quads, l, 99.224144, 167.26924, 8.2
2018-01-07T08:50:13.589Z, quads, r, 98.84649, 163.40967, 8.4
2018-01-07T08:49:51.227Z, lower_back, l, 99.727, 163.84247, 7.8
2018-01-07T08:49:33.987Z, lower_back, r, 99.802315, 166.44002, 7.8
2018-01-07T08:49:06.583Z, hamstrings, l, 99.59415, 162.20819, 8.8
2018-01-07T08:48:49.711Z, hamstrings, r, 99.69992, 164.4167, 8.5
2018-01-07T08:48:26.083Z, glutes, l, 99.73124, 154.4706, 9.7
2018-01-07T08:47:55.890Z, glutes, r, 98.855255, 143.43494, 11.6
2018-01-07T08:47:11.479Z, forearms, l, 85.316605, 125.77042, 9.9
2018-01-07T08:46:54.735Z, forearms, r, 94.84324, 130.20929, 10.1
2018-01-07T08:46:31.608Z, chest, l, 99.62283, 172.38106, 8.6
2018-01-07T08:45:37.968Z, chest, r, 99.49248, 169.45462, 8.9
2018-01-07T08:44:58.182Z, calves, l, 99.031746, 141.71071, 8.9
2018-01-07T08:44:26.957Z, calves, r, 99.561485, 145.1344, 7.7
2018-01-07T08:43:58.923Z, biceps, l, 83.91612, 131.78531, 11.8
2018-01-07T08:43:36.378Z, biceps, r, 90.86423, 135.4783, 10.9
2018-01-07T08:43:21.571Z, abs, l, 99.37199, 175.65901, 6.5
2018-01-07T08:42:28.700Z, abs, r, 99.44991, 177.27249, 6.3
2017-12-27T12:33:48.301Z, total, r, 99.62756, 165.33775, 8.4
2017-12-27T12:33:42.590Z, upper_back, r, 99.37453, 158.7474, 7.7
2017-12-27T12:32:24.296Z, triceps, l, 93.58473, 146.41544, 11.9
2017-12-27T12:32:01.837Z, triceps, r, 98.18405, 156.84358, 9.9
2017-12-27T12:31:37.679Z, shoulders, l, 97.42595, 146.73053, 10.8
2017-12-27T12:31:12.654Z, shoulders, r, 98.888565, 152.21906, 9.8
2017-12-27T12:30:51.279Z, quads, l, 99.364044, 169.19206, 8.7
2017-12-27T12:30:25.724Z, quads, r, 98.64352, 161.8201, 8.7
2017-12-27T12:29:51.925Z, lower_back, l, 99.82682, 167.50357, 7.3
2017-12-27T12:29:34.561Z, lower_back, r, 99.84773, 168.53735, 7.3
2017-12-27T12:29:00.577Z, hamstrings, l, 99.436066, 159.79437, 8.6
2017-12-27T12:28:39.164Z, hamstrings, r, 99.71886, 164.89278, 8.1
2017-12-27T12:27:58.530Z, glutes, l, 99.33511, 147.60196, 10.8
2017-12-27T12:27:24.105Z, glutes, r, 98.30631, 140.39029, 12
2017-12-27T12:25:52.255Z, forearms, l, 80.07688, 124.02499, 10.1
2017-12-27T12:25:33.365Z, forearms, r, 82.19053, 124.71479, 10.5
2017-12-27T12:25:07.985Z, chest, l, 99.660614, 173.41962, 8.4
2017-12-27T12:24:26.309Z, chest, r, 99.68515, 174.15727, 8.1
2017-12-27T12:23:49.048Z, calves, l, 98.795746, 140.7579, 9.9
2017-12-27T12:23:14.759Z, calves, r, 99.117485, 142.11407, 8.9
2017-12-27T12:22:41.374Z, biceps, l, 87.57565, 133.58774, 11.6
2017-12-27T12:22:08.568Z, biceps, r, 94.56731, 138.32713, 10.4
2017-12-27T12:21:50.123Z, abs, l, 99.52684, 179.10364, 6.2
2017-12-27T12:21:22.172Z, abs, r, 99.453384, 177.34961, 6.5
2017-12-17T15:00:22.850Z, total, r, 99.74336, 168.34018, 7.8
2017-12-17T15:00:18.318Z, upper_back, l, 99.58486, 160.92734, 7.3
2017-12-17T14:59:14.878Z, upper_back, r, 99.684715, 162.38507, 6.9
2017-12-17T14:57:52.802Z, triceps, r, 99.13505, 162.59073, 8.8
2017-12-17T14:57:12.212Z, shoulders, l, 98.18426, 149.03705, 9.8
2017-12-17T14:56:55.831Z, shoulders, r, 99.29471, 155.12643, 9
2017-12-17T14:56:37.426Z, quads, l, 98.942375, 164.25754, 8.8
2017-12-17T14:56:08.356Z, quads, r, 98.174965, 158.88553, 9.2
2017-12-17T14:55:34.468Z, lower_back, l, 99.90412, 172.24902, 6.9
2017-12-17T14:55:10.125Z, lower_back, r, 99.73955, 164.2215, 7.9
2017-12-17T14:54:38.493Z, hamstrings, l, 99.33576, 158.58907, 9
2017-12-17T14:54:14.958Z, hamstrings, r, 99.15976, 156.85248, 9.4
2017-12-17T14:53:53.809Z, glutes, l, 99.4654, 149.26245, 10.4
2017-12-17T14:53:11.419Z, glutes, r, 99.93522, 165.18018, 7.7
2017-12-17T14:52:30.419Z, forearms, r, 83.72348, 125.22441, 12.3
2017-12-17T14:52:02.569Z, chest, l, 99.73182, 175.73285, 7.9
2017-12-17T14:51:36.331Z, chest, r, 99.77729, 177.55545, 6.8
2017-12-17T14:51:08.841Z, calves, l, 97.4411, 137.40356, 10
2017-12-17T14:50:36.220Z, calves, r, 99.214035, 142.61697, 8.3
2017-12-17T14:49:58.284Z, biceps, r, 89.08649, 134.41122, 11.4
2017-12-17T14:48:59.425Z, abs, l, 99.42271, 176.6849, 6.8
2017-12-17T14:48:27.559Z, abs, r, 99.67199, 183.54427, 5.7
2017-12-10T15:10:14.755Z, total, r, 99.64331, 165.68646, 8.2
2017-12-10T15:10:11.851Z, upper_back, l, 98.999626, 156.2317, 7.9
2017-12-10T15:09:35.273Z, upper_back, r, 99.15235, 157.12193, 8
2017-12-10T15:08:50.825Z, triceps, l, 98.41347, 157.90144, 10.1
2017-12-10T15:07:55.700Z, triceps, r, 98.119576, 156.56924, 10.1
2017-12-10T15:07:11.147Z, shoulders, l, 98.85988, 152.05518, 9.3
2017-12-10T15:05:56.496Z, shoulders, r, 97.703545, 147.48991, 10.6
2017-12-10T15:05:38.498Z, quads, l, 98.80379, 163.05392, 9.7
2017-12-10T15:05:15.454Z, quads, r, 99.310616, 168.41283, 8.3
2017-12-10T15:04:49.178Z, lower_back, l, 99.8716, 169.90604, 7.4
2017-12-10T15:04:26.809Z, lower_back, r, 99.87367, 170.03656, 7.2
2017-12-10T15:04:06.475Z, hamstrings, l, 99.65151, 163.3236, 8.6
2017-12-10T15:03:31.153Z, hamstrings, r, 99.32524, 158.47316, 9.3
2017-12-10T15:02:56.094Z, glutes, l, 99.796425, 156.56631, 8.9
2017-12-10T15:02:16.223Z, glutes, r, 99.842674, 158.5079, 8.5
2017-12-10T15:01:48.733Z, forearms, r, 92.36489, 128.69403, 10.2
2017-12-10T15:01:31.670Z, chest, l, 99.67039, 173.70676, 8.5
2017-12-10T15:00:38.211Z, chest, r, 99.26403, 165.77457, 8.6
2017-12-10T14:59:23.878Z, calves, l, 99.25462, 142.84673, 9.4
2017-12-10T14:58:41.036Z, calves, r, 99.03552, 141.72772, 9.3
2017-12-10T14:58:19.619Z, biceps, l, 92.917816, 136.91394, 10.4
2017-12-10T14:58:03.148Z, biceps, r, 95.02835, 138.78583, 9.7
2017-12-10T14:57:44.071Z, abs, l, 98.46278, 164.63661, 8.1
2017-12-10T14:57:11.807Z, abs, r, 99.158165, 172.07732, 7.3
2017-12-03T15:18:02.713Z, shoulders, l, 99.37176, 155.86172, 9.2
2017-12-03T15:17:04.693Z, total, r, 99.78464, 169.75125, 7.4
2017-12-03T15:16:58.583Z, upper_back, l, 99.59876, 161.10796, 7.3
2017-12-03T15:16:27.355Z, upper_back, r, 99.07399, 156.64722, 7.8
2017-12-03T15:15:36.962Z, triceps, l, 98.213715, 156.97292, 9.9
2017-12-03T15:15:09.237Z, triceps, r, 98.415855, 157.9132, 9.6
2017-12-03T15:14:41.297Z, shoulders, r, 98.54106, 150.46259, 10.3
2017-12-03T15:14:20.142Z, quads, l, 99.36318, 169.17897, 8.5
2017-12-03T15:14:01.199Z, quads, r, 99.45527, 170.685, 7.5
2017-12-03T15:13:36.405Z, lower_back, l, 99.89835, 171.78079, 7.1
2017-12-03T15:13:16.021Z, lower_back, r, 99.89963, 171.8819, 6.9
2017-12-03T15:12:51.994Z, hamstrings, l, 99.40369, 159.38364, 8.9
2017-12-03T15:12:35.480Z, hamstrings, r, 99.75309, 165.84018, 8.2
2017-12-03T15:11:57.271Z, glutes, l, 99.84396, 158.56966, 8.4
2017-12-03T15:11:12.365Z, glutes, r, 99.48763, 149.58527, 9.5
2017-12-03T15:10:45.407Z, forearms, l, 97.2518, 132.47195, 8.6
2017-12-03T15:09:50.645Z, forearms, r, 86.69702, 126.26383, 11.2
2017-12-03T15:09:27.155Z, chest, l, 99.76145, 176.88187, 7.9
2017-12-03T15:09:04.251Z, chest, r, 99.67121, 173.7315, 8.5
2017-12-03T15:08:34.321Z, calves, l, 98.25458, 139.12088, 9.8
2017-12-03T15:08:16.814Z, calves, r, 98.03355, 138.58951, 9.6
2017-12-03T15:07:24.666Z, biceps, l, 81.460815, 130.65854, 11.9
2017-12-03T15:07:07.117Z, biceps, r, 88.74043, 134.21689, 11.4
2017-12-03T15:06:19.237Z, abs, l, 98.89786, 168.76424, 7.8
2017-12-03T15:05:54.626Z, abs, r, 99.58364, 180.65556, 6
2017-11-26T15:21:20.913Z, total, r, 99.73485, 168.07733, 8.5
2017-11-26T15:21:17.683Z, upper_back, l, 99.71405, 162.90169, 7
2017-11-26T15:20:43.752Z, upper_back, r, 99.590096, 160.99466, 7.3
2017-11-26T15:20:02.711Z, triceps, l, 98.83341, 160.28897, 9.5
2017-11-26T15:19:34.408Z, triceps, r, 99.24388, 163.62018, 9.1
2017-11-26T15:18:36.585Z, shoulders, l, 98.87907, 152.16434, 9.2
2017-11-26T15:18:18.496Z, shoulders, r, 98.95474, 152.61334, 9.5
2017-11-26T15:17:57.974Z, quads, l, 99.17762, 166.70474, 8.3
2017-11-26T15:17:38.264Z, quads, r, 99.274574, 167.91992, 8.5
2017-11-26T15:17:09.415Z, lower_back, l, 99.87863, 170.35812, 7.2
2017-11-26T15:16:12.624Z, lower_back, r, 99.620766, 161.19165, 8.6
2017-11-26T15:15:49.590Z, hamstrings, l, 99.63837, 163.05264, 9.2
2017-11-26T15:15:33.078Z, hamstrings, r, 99.62216, 162.73187, 8.7
2017-11-26T15:15:14.363Z, glutes, l, 99.88377, 160.78627, 8.5
2017-11-26T15:14:51.806Z, glutes, r, 99.776726, 155.86987, 9.5
2017-11-26T15:14:20.896Z, forearms, l, 92.21567, 128.6161, 9.3
2017-11-26T15:13:49.309Z, forearms, r, 98.714516, 135.06651, 8.5
2017-11-26T15:13:32.565Z, chest, l, 99.43786, 168.44461, 8.9
2017-11-26T15:12:56.795Z, chest, r, 99.10578, 163.83627, 8.7
2017-11-26T15:12:33.798Z, calves, l, 93.31449, 132.82571, 11
2017-11-26T15:11:28.458Z, calves, r, 99.434044, 144.03644, 8.6
2017-11-26T15:10:52.318Z, biceps, l, 94.013916, 137.818, 11.1
2017-11-26T15:10:33.424Z, biceps, r, 95.02289, 138.78018, 10.4
2017-11-26T15:10:16.370Z, abs, l, 99.43298, 176.90367, 6.3
2017-11-26T15:09:58.281Z, abs, r, 99.19935, 172.6919, 7
2017-11-19T15:49:36.409Z, chest, l, 99.67373, 173.80699, 7.5
2017-11-19T15:49:04.284Z, chest, r, 99.7417, 176.1012, 7.7
2017-11-19T15:47:38.525Z, total, r, 99.62596, 165.303, 8.3
2017-11-19T15:47:32.393Z, upper_back, l, 98.99416, 156.20238, 7.9
2017-11-19T15:46:45.637Z, upper_back, r, 98.90295, 155.73433, 8.2
2017-11-19T15:46:06.712Z, triceps, l, 96.93999, 152.68156, 11
2017-11-19T15:45:52.092Z, triceps, r, 98.768265, 159.86885, 9.2
2017-11-19T15:45:28.962Z, shoulders, l, 97.94526, 148.22498, 9.9
2017-11-19T15:45:14.785Z, shoulders, r, 99.08107, 153.43863, 9.8
2017-11-19T15:44:52.423Z, quads, l, 98.93606, 164.1994, 8.7
2017-11-19T15:44:25.823Z, quads, r, 98.76278, 162.72366, 9
2017-11-19T15:44:03.733Z, lower_back, l, 99.80021, 166.3548, 7.6
2017-11-19T15:43:45.549Z, lower_back, r, 99.8438, 168.3329, 7.2
2017-11-19T15:43:21.024Z, hamstrings, l, 99.31734, 158.38733, 10
2017-11-19T15:43:02.895Z, hamstrings, r, 99.546684, 161.39767, 8.8
2017-11-19T15:42:13.928Z, glutes, l, 99.77203, 155.71289, 8.6
2017-11-19T15:41:49.142Z, glutes, r, 99.794624, 156.49988, 9
2017-11-19T15:41:26.056Z, forearms, l, 86.39225, 126.1529, 9.7
2017-11-19T15:41:11.967Z, forearms, r, 94.940186, 130.28, 9.3
2017-11-19T15:38:19.624Z, calves, l, 97.70141, 137.88895, 10.3
2017-11-19T15:37:54.202Z, calves, r, 97.93128, 138.3626, 9.9
2017-11-19T15:37:34.893Z, biceps, l, 90.157, 135.03845, 12
2017-11-19T15:36:35.047Z, biceps, r, 94.06549, 137.86375, 11
2017-11-19T15:36:17.986Z, abs, l, 99.25702, 173.60652, 6.7
2017-11-19T15:35:44.331Z, abs, r, 99.23918, 173.31644, 7.2
2017-11-12T15:21:59.151Z, total, r, 99.82485, 171.41296, 7.5
2017-11-12T15:21:56.841Z, upper_back, l, 99.605515, 161.19803, 7.6
2017-11-12T15:21:34.611Z, upper_back, r, 99.23141, 157.64653, 8
2017-11-12T15:20:53.660Z, triceps, l, 98.7607, 159.82141, 9.4
2017-11-12T15:20:18.747Z, triceps, r, 98.89276, 160.69203, 9.2
2017-11-12T15:19:58.580Z, shoulders, l, 98.78467, 151.6438, 8.8
2017-11-12T15:19:41.571Z, shoulders, r, 98.97428, 152.7344, 10.4
2017-11-12T15:19:15.603Z, quads, l, 99.354195, 169.04367, 8.9
2017-11-12T15:18:57.339Z, quads, r, 99.15118, 166.39767, 8.8
2017-11-12T15:18:19.495Z, lower_back, l, 99.81049, 166.77982, 7.4
2017-11-12T15:18:04.960Z, lower_back, r, 99.79278, 166.06131, 8
2017-11-12T15:17:28.824Z, hamstrings, l, 99.884285, 171.35907, 7.4
2017-11-12T15:17:14.558Z, hamstrings, r, 99.723946, 165.02597, 8.1
2017-11-12T15:16:55.881Z, glutes, l, 99.868866, 159.87834, 8.5
2017-11-12T15:16:23.077Z, glutes, r, 99.72511, 154.30028, 9.5
2017-11-12T15:16:04.180Z, forearms, l, 86.62915, 126.23902, 10
2017-11-12T15:15:43.658Z, forearms, r, 88.81937, 127.07731, 9.5
2017-11-12T15:15:20.615Z, chest, l, 99.78872, 178.07196, 7.4
2017-11-12T15:13:30.233Z, chest, r, 99.75927, 176.79242, 7.3
2017-11-12T15:13:08.999Z, calves, l, 98.62146, 140.16434, 9.1
2017-11-12T15:12:45.328Z, calves, r, 99.48301, 144.4263, 8.8
2017-11-12T15:11:48.268Z, biceps, l, 87.01132, 133.2948, 11.9
2017-11-12T15:11:30.855Z, biceps, r, 92.856735, 136.86694, 11.2
2017-11-12T15:11:08.978Z, abs, l, 99.14216, 171.84644, 6.8
2017-11-12T15:10:42.800Z, abs, r, 99.756584, 187.1492, 5.6
2017-11-05T15:23:34.544Z, total, r, 99.630684, 165.40565, 7.6
2017-11-05T15:23:32.138Z, upper_back, l, 99.72098, 163.03131, 7.3
2017-11-05T15:23:09.011Z, upper_back, r, 99.37013, 158.71008, 8
2017-11-05T15:22:46.825Z, triceps, l, 97.34748, 153.83566, 9.8
2017-11-05T15:22:35.801Z, triceps, r, 98.53394, 158.51721, 9.4
2017-11-05T15:22:19.148Z, shoulders, l, 97.78173, 147.71936, 10.2
2017-11-05T15:22:10.825Z, shoulders, r, 97.40783, 146.68365, 10.9
2017-11-05T15:21:55.960Z, quads, l, 98.497955, 160.8159, 9.4
2017-11-05T15:21:43.591Z, quads, r, 99.12509, 166.10376, 8.3
2017-11-05T15:21:31.257Z, lower_back, l, 99.86187, 169.32004, 7.3
2017-11-05T15:21:17.486Z, lower_back, r, 99.87495, 170.1181, 7.3
2017-11-05T15:21:03.088Z, hamstrings, l, 99.651215, 163.3173, 8.4
2017-11-05T15:20:52.468Z, hamstrings, r, 99.51785, 160.94534, 8.7
2017-11-05T15:20:39.645Z, glutes, l, 99.66657, 152.84125, 9.8
2017-11-05T15:20:16.790Z, glutes, r, 98.99525, 144.44025, 10.9
2017-11-05T15:19:59.142Z, forearms, l, 82.95125, 124.96621, 10.4
2017-11-05T15:19:51.132Z, forearms, r, 87.312996, 126.49205, 9.7
2017-11-05T15:19:38.941Z, chest, l, 99.673195, 173.79094, 8.1
2017-11-05T15:19:30.208Z, chest, r, 99.583954, 171.41495, 8
2017-11-05T15:19:15.002Z, calves, l, 98.91953, 141.23242, 9
2017-11-05T15:18:49.438Z, calves, r, 99.53567, 144.88853, 8.6
2017-11-05T15:18:36.927Z, biceps, l, 88.98818, 134.35564, 12
2017-11-05T15:18:28.652Z, biceps, r, 88.27119, 133.95908, 11.4
2017-11-05T15:18:15.511Z, abs, l, 99.07803, 170.9617, 6.7
2017-11-05T15:18:06.106Z, abs, r, 99.12446, 171.59598, 7.5
2017-10-29T14:11:01.142Z, total, r, 99.59393, 164.63931, 8.3
2017-10-29T14:10:55.002Z, quads, r, 98.30046, 159.59348, 9.4
2017-10-29T14:10:26.026Z, abs, r, 99.39798, 176.17412, 6.9
2017-10-29T14:10:14.777Z, triceps, r, 98.46327, 158.15034, 9.9
2017-10-29T14:09:35.090Z, abs, r, 99.377815, 175.77272, 7
2017-10-29T14:09:23.073Z, triceps, r, 98.56369, 158.67677, 9.8
2017-10-29T14:07:30.416Z, total, r, 99.53053, 163.46579, 8.2
2017-10-29T14:07:24.256Z, upper_back, l, 99.25932, 157.84447, 7.7
2017-10-29T14:07:02.246Z, upper_back, r, 99.89389, 168.12994, 6.6
2017-10-29T14:06:17.296Z, triceps, l, 98.435036, 158.00829, 9.6
2017-10-29T14:06:01.048Z, triceps, r, 98.5525, 158.61636, 9.9
2017-10-29T14:05:42.105Z, shoulders, l, 98.05493, 148.58585, 10.3
2017-10-29T14:05:31.844Z, shoulders, r, 98.679016, 151.10576, 9.9
2017-10-29T14:05:17.995Z, quads, l, 98.325905, 159.74312, 9.3
2017-10-29T14:05:07.543Z, quads, r, 97.76251, 156.84665, 9.4
2017-10-29T14:04:52.879Z, lower_back, l, 99.83114, 167.70674, 7.5
2017-10-29T14:04:40.862Z, lower_back, r, 99.859856, 169.20355, 7.2
2017-10-29T14:04:20.701Z, hamstrings, l, 99.62105, 162.71039, 8.6
2017-10-29T14:04:09.316Z, hamstrings, r, 99.56416, 161.68604, 9
2017-10-29T14:03:53.479Z, glutes, l, 99.46072, 149.19617, 9.8
2017-10-29T14:03:40.562Z, glutes, r, 99.502495, 149.80884, 9.2
2017-10-29T14:03:20.267Z, forearms, l, 72.988, 121.8964, 10.9
2017-10-29T14:03:10.013Z, forearms, r, 85.465034, 125.82243, 10.2
2017-10-29T14:02:55.877Z, chest, l, 99.76459, 177.01164, 7.6
2017-10-29T14:02:42.645Z, chest, r, 99.407295, 167.92079, 8.6
2017-10-29T14:02:28.652Z, calves, l, 97.08913, 136.8157, 9.7
2017-10-29T14:02:15.740Z, calves, r, 98.03575, 138.59451, 10.4
2017-10-29T14:01:54.996Z, biceps, l, 89.857735, 134.8588, 11.6
2017-10-29T14:01:46.219Z, biceps, r, 92.73384, 136.77332, 10.6
2017-10-29T14:01:35.286Z, abs, l, 98.97272, 169.6313, 7.3
2017-10-29T14:01:23.815Z, abs, r, 99.33355, 174.93434, 7.2
2017-10-22T14:37:14.951Z, total, r, 99.5801, 164.36855, 8.8
2017-10-22T14:37:08.829Z, upper_back, l, 99.47136, 159.6434, 7.8
2017-10-22T14:36:57.042Z, upper_back, r, 99.61799, 161.36832, 7.1
2017-10-22T14:36:11.276Z, triceps, l, 97.62265, 154.71216, 10.4
2017-10-22T14:35:56.021Z, triceps, r, 98.00871, 156.11777, 10
2017-10-22T14:35:40.089Z, shoulders, l, 97.10404, 145.94006, 10.6
2017-10-22T14:35:25.328Z, shoulders, r, 97.45913, 146.81715, 11
2017-10-22T14:35:12.999Z, quads, l, 98.626114, 161.69469, 9.8
2017-10-22T14:34:53.966Z, quads, r, 98.29149, 159.54123, 9.3
2017-10-22T14:34:35.202Z, lower_back, l, 99.881805, 170.57065, 7
2017-10-22T14:34:23.142Z, lower_back, r, 99.8644, 169.46832, 7.2
2017-10-22T14:34:03.074Z, hamstrings, l, 99.42775, 159.68668, 9
2017-10-22T14:33:51.371Z, hamstrings, r, 99.46203, 160.1408, 9.7
2017-10-22T14:33:35.218Z, glutes, l, 96.79406, 135.30247, 13.3
2017-10-22T14:33:21.003Z, glutes, r, 98.89906, 143.73605, 11.6
2017-10-22T14:33:02.595Z, forearms, l, 80.60979, 124.19824, 10.9
2017-10-22T14:32:54.631Z, forearms, r, 91.89463, 128.45221, 9.6
2017-10-22T14:32:43.918Z, chest, l, 98.74232, 160.41971, 9.6
2017-10-22T14:32:32.627Z, chest, r, 99.44307, 168.53671, 8.9
2017-10-22T14:32:04.547Z, calves, l, 96.48435, 135.94356, 10.3
2017-10-22T14:31:51.363Z, calves, r, 97.61788, 137.72783, 10.7
2017-10-22T14:31:05.866Z, biceps, l, 91.59693, 135.96008, 11
2017-10-22T14:30:51.286Z, biceps, r, 83.77898, 131.72122, 12.1
2017-10-22T14:30:43.011Z, abs, l, 98.81998, 167.9208, 7.2
2017-10-22T14:30:33.603Z, abs, r, 99.457726, 177.44662, 6.4
2017-10-22T14:29:57.606Z, total, r, 99.35206, 160.85207, 9
2017-10-22T14:29:54.184Z, quads, r, 98.37569, 160.04222, 8.9
2017-10-22T14:29:38.297Z, abs, r, 98.71942, 166.90833, 7.5
2017-10-22T14:29:25.199Z, triceps, r, 97.875465, 155.60564, 10.3
2017-10-15T13:11:04.169Z, total, r, 99.772804, 169.32112, 7.8
2017-10-15T13:10:58.062Z, upper_back, l, 98.93376, 155.88806, 7.9
2017-10-15T13:10:33.988Z, upper_back, r, 99.61563, 161.3357, 7.4
2017-10-15T13:10:05.326Z, triceps, l, 97.0957, 153.10483, 11.2
2017-10-15T13:09:53.538Z, triceps, r, 98.18505, 156.84789, 10.2
2017-10-15T13:09:32.697Z, shoulders, l, 97.83222, 147.87161, 10.3
2017-10-15T13:09:22.484Z, shoulders, r, 98.693054, 151.17479, 9.7
2017-10-15T13:09:04.530Z, quads, l, 98.65028, 161.8693, 9.8
2017-10-15T13:08:42.755Z, quads, r, 99.35404, 169.04144, 7.9
2017-10-15T13:08:22.140Z, lower_back, l, 99.88585, 170.84985, 7.7
2017-10-15T13:08:11.885Z, lower_back, r, 99.82302, 167.3292, 7.4
2017-10-15T13:07:58.335Z, hamstrings, l, 99.09261, 156.2826, 9
2017-10-15T13:07:47.943Z, hamstrings, r, 99.336075, 158.5925, 8.9
2017-10-15T13:07:33.137Z, glutes, l, 99.8802, 160.5588, 7.9
2017-10-15T13:07:19.818Z, glutes, r, 99.741745, 154.77151, 9.3
2017-10-15T13:07:01.773Z, forearms, l, 77.59702, 123.279106, 10.7
2017-10-15T13:06:49.712Z, forearms, r, 86.5302, 126.20296, 10.3
2017-10-15T13:06:34.909Z, chest, l, 99.80564, 178.89014, 7.2
2017-10-15T13:06:12.140Z, chest, r, 99.59483, 171.67603, 8.3
2017-10-15T13:05:57.335Z, calves, l, 97.371544, 137.28168, 10
2017-10-15T13:05:45.591Z, calves, r, 95.42477, 134.6987, 11
2017-10-15T13:05:25.385Z, biceps, l, 82.01597, 130.91028, 12.6
2017-10-15T13:05:13.323Z, biceps, r, 93.016594, 136.99063, 10.8
2017-10-15T13:05:01.892Z, abs, l, 99.39345, 176.0828, 6.4
2017-10-15T13:04:49.072Z, abs, r, 99.62963, 182.07404, 6
2017-10-08T14:29:58.968Z, total, r, 99.7208, 167.6616, 8.3
2017-10-08T14:29:52.875Z, quads, r, 99.11607, 166.00417, 7.9
2017-10-08T14:29:38.880Z, abs, r, 99.550644, 179.73018, 6.5
2017-10-08T14:29:20.746Z, triceps, r, 98.27581, 157.25047, 10.1
2017-10-08T14:28:14.641Z, upper_back, l, 99.66221, 162.02002, 7.3
2017-10-08T14:27:46.829Z, total, r, 99.7729, 169.32446, 7.3
2017-10-08T14:27:30.003Z, upper_back, r, 98.81183, 155.30312, 7.7
2017-10-08T14:27:02.643Z, triceps, l, 95.0994, 148.7662, 11.2
2017-10-08T14:26:50.944Z, triceps, r, 98.120926, 156.57487, 10.3
2017-10-08T14:26:39.650Z, shoulders, l, 98.449585, 150.06766, 9.6
2017-10-08T14:26:19.935Z, shoulders, r, 99.23567, 154.61464, 9.2
2017-10-08T14:26:02.482Z, quads, l, 97.81957, 157.10641, 10.5
2017-10-08T14:25:50.603Z, quads, r, 99.19984, 166.97029, 7.6
2017-10-08T14:25:35.927Z, lower_back, l, 99.80712, 166.63797, 7.8
2017-10-08T14:25:25.716Z, lower_back, r, 99.88451, 170.75626, 6.9
2017-10-08T14:25:11.000Z, hamstrings, l, 99.707726, 164.60907, 7.8
2017-10-08T14:24:59.346Z, hamstrings, r, 99.406395, 159.41711, 8.8
2017-10-08T14:24:44.271Z, glutes, l, 99.8789, 160.47723, 8.2
2017-10-08T14:24:31.715Z, glutes, r, 99.88673, 160.98016, 8.7
2017-10-08T14:24:12.319Z, forearms, l, 81.607735, 124.52364, 10.3
2017-10-08T14:24:00.266Z, forearms, r, 85.38968, 125.796, 10.6
2017-10-08T14:23:49.056Z, chest, l, 99.618706, 172.27393, 7.9
2017-10-08T14:23:37.043Z, chest, r, 99.72483, 175.48042, 7.7
2017-10-08T14:23:19.765Z, calves, l, 97.213585, 137.01566, 9.5
2017-10-08T14:23:07.792Z, calves, r, 98.85212, 140.96783, 9.3
2017-10-08T14:22:53.122Z, biceps, l, 88.57588, 134.12576, 12.1
2017-10-08T14:22:42.186Z, biceps, r, 84.67638, 132.14403, 13
2017-10-08T14:22:29.045Z, abs, l, 98.39606, 164.1059, 8.5
2017-10-08T14:22:14.380Z, abs, r, 99.69511, 184.42825, 5.7
2017-10-01T15:11:44.785Z, total, r, 99.650406, 165.84862, 7.7
2017-10-01T15:11:42.803Z, upper_back, l, 99.68766, 162.43472, 7.6
2017-10-01T15:11:32.274Z, upper_back, r, 99.68784, 162.43774, 7.3
2017-10-01T15:10:50.559Z, triceps, l, 92.95066, 145.56558, 11.8
2017-10-01T15:10:36.969Z, triceps, r, 98.16718, 156.7709, 9.8
2017-10-01T15:10:23.781Z, shoulders, l, 95.52305, 142.94525, 11.6
2017-10-01T15:10:15.009Z, shoulders, r, 98.46061, 150.11406, 9.8
2017-10-01T15:10:02.321Z, quads, l, 98.28868, 159.52493, 9.8
2017-10-01T15:09:52.779Z, quads, r, 98.29594, 159.56711, 9.3
2017-10-01T15:09:38.020Z, lower_back, l, 99.84248, 168.26544, 7.6
2017-10-01T15:09:28.704Z, lower_back, r, 99.91524, 173.23747, 6.6
2017-10-01T15:09:09.448Z, hamstrings, l, 99.60999, 162.49991, 8.7
2017-10-01T15:08:58.058Z, hamstrings, r, 99.47628, 160.33815, 8.6
2017-10-01T15:08:40.106Z, glutes, l, 99.2686, 146.87415, 11
2017-10-01T15:08:28.672Z, glutes, r, 99.687065, 153.32095, 9
2017-10-01T15:08:13.736Z, forearms, l, 79.84663, 123.95399, 10.2
2017-10-01T15:08:06.716Z, forearms, r, 90.803474, 127.928604, 10.3
2017-10-01T15:07:53.219Z, chest, l, 99.65142, 173.15668, 8.3
2017-10-01T15:07:44.169Z, chest, r, 99.78212, 177.77042, 7.6
2017-10-01T15:07:30.445Z, calves, l, 96.596275, 136.09407, 10.8
2017-10-01T15:07:20.996Z, calves, r, 97.62891, 137.7488, 10
2017-10-01T15:07:06.911Z, biceps, l, 89.34897, 134.5612, 12
2017-10-01T15:06:56.653Z, biceps, r, 74.71902, 127.62356, 13.1
2017-10-01T15:06:47.604Z, abs, l, 99.587616, 180.77177, 6.1
2017-10-01T15:06:22.451Z, abs, r, 99.60219, 181.20787, 6.3
2017-10-01T15:05:41.078Z, total, r, 99.63848, 165.57793, 8.7
2017-10-01T15:05:38.129Z, quads, r, 98.202866, 159.03882, 9.2
2017-10-01T15:05:25.664Z, abs, r, 99.56178, 180.03485, 6.3
2017-10-01T15:05:13.152Z, triceps, r, 98.363716, 157.66013, 9.8
2017-09-24T14:01:06.757Z, total, r, 99.83434, 171.86037, 7
2017-09-24T14:01:00.620Z, upper_back, l, 99.531265, 160.28273, 7
2017-09-24T14:00:10.310Z, upper_back, r, 98.900375, 155.72168, 7.9
2017-09-24T13:59:45.876Z, triceps, l, 97.65322, 154.81532, 11.2
2017-09-24T13:59:35.616Z, triceps, r, 99.136894, 162.60712, 8.9
2017-09-24T13:59:03.441Z, shoulders, l, 99.13262, 153.80771, 8.9
2017-09-24T13:58:51.428Z, shoulders, r, 99.06736, 153.34392, 9.5
2017-09-24T13:58:37.389Z, quads, l, 98.851166, 163.4494, 8.4
2017-09-24T13:58:25.554Z, quads, r, 99.35569, 169.06609, 8.4
2017-09-24T13:58:10.793Z, lower_back, l, 99.76333, 164.99219, 7.8
2017-09-24T13:57:59.225Z, lower_back, r, 99.78417, 165.73407, 7.9
2017-09-24T13:57:41.317Z, hamstrings, l, 99.278015, 157.974, 8.8
2017-09-24T13:57:31.058Z, hamstrings, r, 99.39619, 159.29169, 9.3
2017-09-24T13:57:13.688Z, glutes, l, 99.913284, 162.98892, 8.4
2017-09-24T13:57:03.383Z, glutes, r, 99.71866, 154.12515, 9.4
2017-09-24T13:56:47.542Z, forearms, l, 84.16237, 125.372826, 10.8
2017-09-24T13:56:37.373Z, forearms, r, 98.87349, 135.50887, 8.5
2017-09-24T13:56:21.627Z, chest, l, 99.43025, 168.31161, 8.7
2017-09-24T13:56:03.718Z, chest, r, 99.77408, 177.41502, 7.9
2017-09-24T13:55:21.823Z, calves, l, 94.94333, 134.21533, 10.6
2017-09-24T13:55:04.763Z, calves, r, 97.985825, 138.48227, 9.8
2017-09-24T13:53:54.209Z, biceps, l, 93.464424, 137.3495, 10.7
2017-09-24T13:53:35.851Z, biceps, r, 77.89029, 129.05063, 12.5
2017-09-24T13:53:20.369Z, abs, l, 99.35454, 175.32484, 6.6
2017-09-24T13:53:01.153Z, abs, r, 99.6817, 183.90793, 6
2017-09-24T13:52:27.106Z, total, r, 99.918755, 177.57722, 7.1
2017-09-24T13:52:18.494Z, quads, r, 99.38845, 169.5697, 8.5
2017-09-24T13:51:55.950Z, abs, r, 99.51051, 178.69151, 6.7
2017-09-24T13:51:37.186Z, triceps, r, 99.95225, 184.47049, 7.2
2017-09-17T14:34:16.282Z, total, r, 99.74706, 168.45715, 7.5
2017-09-17T14:34:06.159Z, quads, r, 98.823616, 163.21753, 8.9
2017-09-17T14:33:44.379Z, abs, r, 99.606636, 181.34418, 6.3
2017-09-17T14:33:08.832Z, triceps, r, 98.90953, 160.80975, 9.3
2017-09-17T14:30:14.095Z, triceps, l, 98.43805, 158.02333, 10.3
2017-09-17T14:29:35.355Z, triceps, r, 98.88749, 160.6554, 9.3
2017-09-17T14:29:10.785Z, upper_back, l, 98.80487, 155.27155, 7.9
2017-09-17T14:28:07.785Z, upper_back, r, 98.45351, 153.87067, 8.4
2017-09-17T14:27:38.985Z, lower_back, l, 99.84379, 168.33215, 7.5
2017-09-17T14:27:20.849Z, lower_back, r, 99.87817, 170.3272, 7.2
2017-09-17T14:26:57.542Z, calves, l, 98.647156, 140.24713, 9.1
2017-09-17T14:26:34.910Z, hamstrings, l, 99.633575, 162.95645, 8.4
2017-09-17T14:26:18.709Z, glutes, l, 99.7917, 156.39345, 9.5
2017-09-17T14:25:54.180Z, glutes, r, 99.62854, 152.02393, 10.1
2017-09-17T14:25:25.739Z, hamstrings, r, 99.736595, 165.36845, 7.8
2017-09-17T14:25:05.672Z, calves, r, 99.6097, 145.63467, 8.8
2017-09-17T14:24:37.771Z, forearms, r, 84.52846, 125.4977, 10.5
2017-09-17T14:24:19.232Z, biceps, r, 91.01815, 135.57715, 10.9
2017-09-17T14:23:52.412Z, shoulders, r, 97.00716, 145.71805, 10.6
2017-09-17T14:23:34.231Z, chest, r, 99.70007, 174.6344, 8.2
2017-09-17T14:22:26.061Z, chest, l, 99.53353, 170.2872, 8.7
2017-09-17T14:20:16.286Z, shoulders, l, 98.86942, 152.10924, 9.6
2017-09-17T14:19:53.510Z, biceps, l, 81.70773, 130.77036, 11.7
2017-09-17T14:19:39.699Z, forearms, l, 93.05668, 129.07144, 9.7
2017-09-17T14:19:20.031Z, abs, r, 99.08674, 171.07816, 7
2017-09-17T14:19:04.056Z, abs, l, 99.15575, 172.04224, 7.2
2017-09-17T14:18:43.402Z, quads, r, 98.921646, 164.06808, 8.9
2017-09-17T14:18:04.929Z, quads, l, 99.33732, 168.79456, 8.2
2017-09-10T14:10:57.410Z, abs, l, 97.48375, 158.41364, 9
2017-09-10T14:10:41.751Z, abs, r, 99.2047, 172.77396, 7.1
2017-09-10T14:10:12.318Z, forearms, r, 98.173615, 133.87936, 8.5
2017-09-10T14:09:48.425Z, biceps, r, 90.40069, 135.18748, 11.4
2017-09-10T14:09:33.892Z, shoulders, r, 98.564926, 150.56953, 9.8
2017-09-10T14:09:05.271Z, chest, r, 99.53626, 170.34515, 8.6
2017-09-10T14:08:11.766Z, chest, l, 99.61365, 172.14432, 8.2
2017-09-10T14:07:49.762Z, shoulders, l, 98.35292, 149.67392, 10.4
2017-09-10T14:07:29.510Z, biceps, l, 83.79702, 131.72964, 10.9
2017-09-10T14:07:18.220Z, forearms, l, 83.91996, 125.29069, 10.3
2017-09-10T14:06:54.365Z, triceps, l, 98.432816, 157.99722, 10.4
2017-09-10T14:05:21.405Z, triceps, r, 98.11732, 156.55978, 10.2
2017-09-10T14:04:56.562Z, upper_back, l, 98.72241, 154.9101, 7.8
2017-09-10T14:04:30.101Z, upper_back, r, 99.04665, 156.49081, 7.8
2017-09-10T14:03:21.612Z, lower_back, l, 99.89648, 171.63411, 7.2
2017-09-10T14:03:03.521Z, lower_back, r, 99.92207, 173.91153, 7
2017-09-10T14:02:36.431Z, glutes, l, 98.70777, 142.49754, 11.4
2017-09-10T14:02:19.063Z, hamstrings, l, 99.419495, 159.58131, 8.9
2017-09-10T14:01:55.523Z, calves, l, 97.31201, 137.17972, 10.3
2017-09-10T14:01:38.697Z, glutes, r, 99.56921, 150.90135, 10.8
2017-09-10T14:01:20.250Z, hamstrings, r, 99.07604, 156.14832, 9.6
2017-09-10T14:01:01.890Z, calves, r, 99.64314, 146.01897, 8.8
2017-09-10T13:59:26.043Z, quads, r, 99.012245, 164.92389, 9.5
2017-09-10T13:58:54.271Z, quads, l, 99.02862, 165.08664, 9.9
2017-09-03T13:52:12.152Z, glutes, l, 99.87447, 160.20737, 8.9
2017-09-03T13:52:01.389Z, hamstrings, l, 99.6648, 163.60791, 7.9
2017-09-03T13:51:42.811Z, calves, l, 99.53245, 144.85884, 9.2
2017-09-03T13:51:29.715Z, calves, r, 99.11488, 142.10127, 9.3
2017-09-03T13:50:29.188Z, hamstrings, r, 99.43943, 159.83836, 9.4
2017-09-03T13:50:17.174Z, glutes, r, 99.796844, 156.58188, 9
2017-09-03T13:50:02.824Z, lower_back, l, 99.91996, 173.69711, 6.9
2017-09-03T13:49:49.548Z, lower_back, r, 99.897705, 171.72984, 7.2
2017-09-03T13:49:26.287Z, upper_back, l, 98.88913, 155.66675, 7.6
2017-09-03T13:48:59.238Z, upper_back, r, 99.39407, 158.91672, 7.7
2017-09-03T13:48:26.795Z, triceps, l, 97.3943, 153.97864, 11.4
2017-09-03T13:48:12.572Z, triceps, r, 97.796486, 155.31622, 10.1
2017-09-03T13:47:55.296Z, forearms, r, 98.806145, 135.31453, 7.9
2017-09-03T13:47:28.520Z, biceps, r, 77.08076, 128.68634, 12.6
2017-09-03T13:47:12.323Z, shoulders, r, 99.50049, 157.31525, 9.1
2017-09-03T13:46:54.727Z, chest, r, 99.80198, 178.70735, 8
2017-09-03T13:46:35.284Z, chest, l, 99.75538, 176.6351, 7.9
2017-09-03T13:44:14.000Z, shoulders, l, 96.05297, 143.82516, 11.3
2017-09-03T13:44:00.533Z, biceps, l, 91.05654, 135.60199, 10.8
2017-09-03T13:43:47.572Z, forearms, l, 94.40558, 129.90346, 8.8
2017-09-03T13:43:13.870Z, abs, r, 99.37484, 175.71443, 7.3
2017-09-03T13:42:58.339Z, abs, l, 99.46077, 177.51495, 6.4
2017-09-03T13:42:29.633Z, quads, l, 99.33547, 168.76761, 10.5
2017-09-03T13:42:06.413Z, quads, r, 99.3518, 169.00787, 8.1
2017-08-27T14:00:59.234Z, triceps, l, 98.18202, 156.8348, 10.3
2017-08-27T14:00:39.443Z, triceps, r, 98.983574, 161.35138, 8.3
2017-08-27T14:00:13.700Z, upper_back, l, 99.317184, 158.27925, 7.3
2017-08-27T13:59:46.110Z, upper_back, r, 98.847336, 155.46721, 8
2017-08-27T13:59:09.085Z, lower_back, r, 99.844635, 168.37585, 7.3
2017-08-27T13:58:55.444Z, lower_back, l, 99.80864, 166.70149, 7.6
2017-08-27T13:58:28.037Z, calves, l, 99.405594, 143.82495, 8.6
2017-08-27T13:58:02.840Z, hamstrings, l, 99.52128, 160.99768, 8.3
2017-08-27T13:57:51.414Z, glutes, l, 99.87669, 160.34137, 9.2
2017-08-27T13:57:21.669Z, glutes, r, 99.861244, 159.45345, 8.8
2017-08-27T13:57:07.627Z, hamstrings, r, 99.899704, 172.3984, 7.4
2017-08-27T13:56:35.404Z, calves, r, 99.58599, 145.38142, 8.6
2017-08-27T13:56:10.572Z, abs, r, 99.64063, 182.43918, 6.1
2017-08-27T13:55:52.519Z, chest, r, 99.6984, 174.57985, 8.1
2017-08-27T13:55:33.084Z, chest, r, 99.70027, 174.64078, 8.3
2017-08-27T13:53:28.525Z, shoulders, r, 97.47066, 146.84749, 10.7
2017-08-27T13:53:14.389Z, biceps, r, 96.11705, 140.03577, 9.8
2017-08-27T13:53:02.789Z, forearms, r, 94.121544, 129.71556, 9.9
2017-08-27T13:52:49.102Z, quads, r, 99.04643, 165.26678, 8.7
2017-08-27T13:52:30.883Z, abs, l, 99.76605, 187.62799, 5.5
2017-08-27T13:52:10.137Z, chest, l, 99.21636, 165.15082, 8.3
2017-08-27T13:51:51.865Z, shoulders, l, 98.91717, 152.3866, 9.8
2017-08-27T13:51:27.247Z, biceps, l, 92.08083, 136.29538, 10.4
2017-08-27T13:51:08.489Z, forearms, l, 93.22694, 129.16882, 9.5
2017-08-27T13:50:48.013Z, quads, l, 99.08852, 165.70589, 9.1
2017-08-20T14:25:28.728Z, triceps, l, 97.624466, 154.71823, 12.9
2017-08-20T14:25:13.290Z, triceps, r, 97.44732, 154.14343, 11.8
2017-08-20T14:24:44.763Z, upper_back, l, 99.64463, 161.75137, 7.1
2017-08-20T14:24:10.428Z, upper_back, r, 99.67332, 162.19708, 7.5
2017-08-20T14:23:11.343Z, lower_back, l, 99.7269, 163.83942, 8.1
2017-08-20T14:22:54.018Z, lower_back, r, 99.8798, 170.43547, 7.5
2017-08-20T14:22:36.195Z, glutes, l, 99.938385, 165.55643, 8.9
2017-08-20T14:22:22.610Z, hamstrings, l, 99.55818, 161.5861, 8.9
2017-08-20T14:22:03.217Z, glutes, r, 99.88508, 160.87119, 8.8
2017-08-20T14:21:43.546Z, hamstrings, r, 99.824455, 168.32634, 8.3
2017-08-20T14:21:18.485Z, calves, l, 97.93022, 138.3603, 10.4
2017-08-20T14:20:54.318Z, calves, r, 99.35943, 143.50204, 9.7
2017-08-20T14:20:34.382Z, abs, r, 99.359604, 175.42088, 7.1
2017-08-20T14:20:23.630Z, abs, l, 99.71822, 185.38141, 5.6
2017-08-20T14:19:59.646Z, biceps, r, 93.88598, 137.70587, 10.8
2017-08-20T14:19:45.965Z, shoulders, r, 98.95583, 152.62004, 9.7
2017-08-20T14:19:25.946Z, chest, l, 99.38478, 167.55173, 8.5
2017-08-20T14:19:00.922Z, chest, r, 99.7677, 177.14209, 7.9
2017-08-20T14:17:57.700Z, chest, l, 99.33163, 166.73059, 8.7
2017-08-20T14:17:16.697Z, shoulders, l, 98.35266, 149.6729, 10.5
2017-08-20T14:16:55.690Z, biceps, l, 80.23443, 130.1055, 12.7
2017-08-20T14:16:34.806Z, forearms, r, 76.15885, 122.84766, 10.3
2017-08-20T14:16:14.961Z, forearms, l, 67.010475, 120.10314, 12
2017-08-20T14:15:47.959Z, quads, r, 99.311165, 168.4205, 8.3
2017-08-20T14:15:34.561Z, quads, r, 99.2566, 167.6831, 8.3
2017-08-20T14:15:11.205Z, quads, l, 99.46292, 170.82126, 8.5
2017-08-13T13:58:40.000Z, abs, l, 98.88129, 168.58, 7.7
2017-08-13T13:58:23.000Z, abs, r, 99.77852, 188.289, 5.6
2017-08-13T13:58:03.000Z, shoulders, r, 98.89751, 152.271, 9.9
2017-08-13T13:57:30.000Z, biceps, r, 76.644455, 128.49, 11.6
2017-08-13T13:57:14.000Z, forearms, r, 94.51067, 129.975, 9.3
2017-08-13T13:54:26.000Z, shoulders, l, 98.15377, 148.928, 10.4
2017-08-13T13:54:10.000Z, biceps, l, 96.78521, 140.968, 9.9
2017-08-13T13:53:55.000Z, forearms, l, 91.81637, 128.413, 9.7
2017-08-13T13:53:30.000Z, triceps, l, 98.89891, 160.735, 10.5
2017-08-13T13:53:02.000Z, triceps, r, 98.80066, 160.075, 10
2017-08-13T13:52:18.000Z, upper_back, l, 98.475815, 153.95, 8.8
2017-08-13T13:51:41.000Z, upper_back, r, 99.48737, 159.807, 7.7
2017-08-13T13:51:11.000Z, lower_back, l, 99.914246, 173.144, 7.1
2017-08-13T13:50:57.000Z, lower_back, r, 99.95149, 177.709, 6.6
2017-08-13T13:50:33.000Z, glutes, l, 99.917, 163.318, 8.8
2017-08-13T13:50:17.000Z, glutes, r, 99.896385, 161.65, 8.9
2017-08-13T13:49:52.000Z, calves, l, 98.47463, 139.718, 9.3
2017-08-13T13:49:30.000Z, calves, r, 98.8498, 140.959, 9
2017-08-13T13:48:59.000Z, hamstrings, l, 99.38945, 159.21, 9.4
2017-08-13T13:48:35.000Z, hamstrings, r, 99.83095, 168.601, 7.7
2017-08-13T13:48:02.000Z, quads, r, 98.327576, 159.753, 9.2
2017-08-13T13:47:39.000Z, quads, l, 98.96282, 164.448, 10.3
2017-08-06T14:29:27.000Z, abs, r, 99.29264, 174.207, 7
2017-08-06T14:29:12.000Z, abs, l, 99.19002, 172.55, 7.6
2017-08-06T14:25:28.000Z, chest, l, 99.06357, 163.376, 9.1
2017-08-06T14:24:51.000Z, shoulders, r, 98.97389, 152.732, 10.4
2017-08-06T14:24:26.000Z, shoulders, l, 96.78363, 145.23, 11.6
2017-08-06T14:24:03.000Z, biceps, r, 92.397194, 136.523, 10.6
2017-08-06T14:23:48.000Z, biceps, l, 96.107086, 140.023, 10.4
2017-08-06T14:23:31.000Z, forearms, r, 95.51873, 130.728, 9.9
2017-08-06T14:23:14.000Z, forearms, l, 98.740105, 135.134, 8.8
2017-08-06T14:22:53.000Z, triceps, l, 98.298225, 157.353, 10.6
2017-08-06T14:22:20.000Z, triceps, r, 98.617035, 158.971, 9.2
2017-08-06T14:21:50.000Z, upper_back, l, 98.76276, 155.084, 7.9
2017-08-06T14:21:22.000Z, upper_back, r, 99.307365, 158.203, 7.9
2017-08-06T14:20:49.000Z, lower_back, l, 99.92357, 174.067, 6.9
2017-08-06T14:20:30.000Z, lower_back, r, 99.88006, 170.453, 7.5
2017-08-06T14:19:59.000Z, glutes, l, 99.97122, 171.273, 7.5
2017-08-06T14:19:38.000Z, glutes, r, 99.975395, 172.448, 7.4
2017-08-06T14:19:08.000Z, hamstrings, l, 99.41678, 159.547, 9.3
2017-08-06T14:18:47.000Z, hamstrings, r, 99.09888, 156.334, 9.8
2017-08-06T14:18:24.000Z, calves, l, 92.872665, 132.497, 11.6
2017-08-06T14:18:10.000Z, calves, r, 96.892296, 136.515, 10.6
2017-08-06T14:17:42.000Z, quads, r, 97.689445, 156.523, 10.3
2017-08-06T14:17:27.000Z, quads, l, 98.873344, 163.64, 9.5
2017-07-30T13:24:39.000Z, chest, r, 99.70028, 174.641, 8.1
2017-07-30T13:24:16.000Z, chest, l, 99.72118, 175.351, 7.9
2017-07-30T13:23:49.000Z, shoulders, r, 94.80363, 141.886, 12.2
2017-07-30T13:23:33.000Z, shoulders, l, 99.04675, 153.204, 9.4
2017-07-30T13:23:11.000Z, biceps, r, 93.37093, 137.273, 11.1
2017-07-30T13:22:58.000Z, biceps, l, 88.82494, 134.264, 11.4
2017-07-30T13:22:42.000Z, forearms, r, 93.46783, 129.31, 9.2
2017-07-30T13:22:28.000Z, forearms, l, 93.02583, 129.054, 10.1
2017-07-30T13:22:19.000Z, forearms, l, 94.160675, 129.741, 10.2
2017-07-30T13:22:00.000Z, abs, r, 99.82807, 191.343, 5.3
2017-07-30T13:21:47.000Z, abs, l, 99.50375, 178.525, 6.2
2017-07-30T13:21:15.000Z, upper_back, l, 98.744354, 155.004, 8.1
2017-07-30T13:20:45.000Z, upper_back, r, 99.60117, 161.14, 7.4
2017-07-30T13:20:18.000Z, triceps, l, 98.13475, 156.633, 10.2
2017-07-30T13:19:35.000Z, triceps, r, 98.39376, 157.805, 10.1
2017-07-30T13:19:05.000Z, lower_back, l, 99.93614, 175.507, 6.7
2017-07-30T13:18:48.000Z, lower_back, r, 99.88947, 171.109, 7
2017-07-30T13:18:22.000Z, glutes, l, 99.86659, 159.749, 8.8
2017-07-30T13:18:08.000Z, glutes, r, 99.951004, 167.277, 8.1
2017-07-30T13:17:42.000Z, hamstrings, l, 99.77479, 166.511, 8.2
2017-07-30T13:17:25.000Z, hamstrings, r, 99.601494, 162.342, 8.7
2017-07-30T13:17:00.000Z, calves, r, 97.90547, 138.307, 9.8
2017-07-30T13:16:33.000Z, calves, l, 99.22, 142.65, 8.7
2017-07-30T13:15:49.000Z, quads, l, 98.24064, 159.25, 9.2
2017-07-30T13:15:13.000Z, quads, r, 99.11887, 166.035, 8.2
2017-07-30T13:14:54.000Z, quads, l, 98.1953, 158.997, 9.1
2017-07-23T13:42:25.000Z, upper_back, l, 99.38055, 158.799, 7.7
2017-07-23T13:42:03.000Z, upper_back, r, 99.69635, 162.584, 7.2
2017-07-23T13:41:36.000Z, calves, l, 99.30233, 143.133, 9
2017-07-23T13:41:13.000Z, calves, r, 99.60955, 145.633, 8.4
2017-07-23T13:40:45.000Z, hamstrings, r, 99.244, 157.634, 8.9
2017-07-23T13:40:31.000Z, hamstrings, l, 99.87074, 170.554, 8
2017-07-23T13:40:15.000Z, glutes, l, 99.958855, 168.589, 8.6
2017-07-23T13:39:38.000Z, glutes, r, 99.96515, 169.835, 7.8
2017-07-23T13:39:15.000Z, lower_back, l, 99.83425, 167.856, 7.4
2017-07-23T13:38:57.000Z, lower_back, r, 99.94374, 176.522, 6.6
2017-07-23T13:37:04.000Z, triceps, l, 98.69276, 159.408, 10.2
2017-07-23T13:36:21.000Z, triceps, r, 97.93328, 155.824, 10.7
2017-07-23T13:35:57.000Z, chest, r, 99.61053, 172.065, 8.1
2017-07-23T13:35:36.000Z, chest, l, 99.75482, 176.613, 8.1
2017-07-23T13:35:07.000Z, shoulders, r, 98.80323, 151.743, 10.2
2017-07-23T13:34:50.000Z, shoulders, l, 97.28874, 146.383, 10.9
2017-07-23T13:34:18.000Z, biceps, r, 95.80093, 139.644, 10.4
2017-07-23T13:34:06.000Z, biceps, l, 92.934715, 136.927, 11.6
2017-07-23T13:33:42.000Z, forearms, r, 87.75376, 126.659, 11.9
2017-07-23T13:33:09.000Z, forearms, l, 81.05441, 124.343, 13.1
2017-07-23T13:32:43.000Z, abs, r, 99.753685, 187.006, 5.6
2017-07-23T13:32:21.000Z, abs, l, 99.28197, 174.024, 7.5
2017-07-23T13:31:57.000Z, quads, r, 99.01984, 164.999, 8.9
2017-07-23T13:31:39.000Z, quads, l, 98.553276, 161.186, 9.2
2017-07-16T13:46:18.000Z, glutes, l, 99.92861, 164.45, 8.9
2017-07-16T13:45:52.000Z, glutes, r, 99.899155, 161.854, 9.1
2017-07-16T13:45:24.000Z, hamstrings, l, 99.582214, 161.996, 8.9
2017-07-16T13:44:53.000Z, hamstrings, r, 99.34905, 158.738, 10.1
2017-07-16T13:44:38.000Z, calves, l, 90.35549, 130.873, 11.4
2017-07-16T13:44:25.000Z, calves, r, 96.768715, 136.335, 10.6
2017-07-16T13:44:03.000Z, lower_back, l, 99.78229, 165.664, 7.8
2017-07-16T13:43:30.000Z, lower_back, r, 99.86092, 169.265, 7.2
2017-07-16T13:43:00.000Z, triceps, r, 97.23172, 153.492, 11.6
2017-07-16T13:42:45.000Z, triceps, l, 96.59666, 151.814, 12.2
2017-07-16T13:42:23.000Z, upper_back, r, 99.3861, 158.847, 8.3
2017-07-16T13:41:53.000Z, upper_back, l, 99.771164, 164.079, 7.8
2017-07-16T13:40:20.000Z, chest, r, 99.38839, 167.61, 9.2
2017-07-16T13:38:48.000Z, chest, l, 99.749115, 176.387, 8
2017-07-16T13:35:25.000Z, shoulders, r, 98.883354, 152.189, 9.6
2017-07-16T13:34:54.000Z, shoulders, l, 96.317276, 144.304, 11.3
2017-07-16T13:34:34.000Z, biceps, r, 85.597664, 132.588, 12.4
2017-07-16T13:34:17.000Z, biceps, l, 94.276, 138.054, 11
2017-07-16T13:33:59.000Z, forearms, r, 85.67384, 125.896, 10.9
2017-07-16T13:33:43.000Z, forearms, l, 76.246666, 122.874, 12.5
2017-07-16T13:33:23.000Z, abs, r, 99.530075, 179.187, 6.8
2017-07-16T13:32:57.000Z, abs, l, 99.317, 174.635, 7.1
2017-07-16T13:32:36.000Z, quads, r, 99.26507, 167.794, 8.5
2017-07-16T13:32:17.000Z, quads, l, 99.03749, 165.176, 8.3
2017-07-09T14:39:53.000Z, upper_back, r, 99.87255, 167.165, 7.1
2017-07-09T14:38:31.000Z, triceps, l, 96.83453, 152.406, 10.8
2017-07-09T14:37:53.000Z, triceps, r, 98.45193, 158.093, 11.1
2017-07-09T14:35:42.000Z, upper_back, l, 99.57853, 160.847, 8.1
2017-07-09T14:31:31.000Z, lower_back, l, 99.934, 175.242, 7
2017-07-09T14:31:00.000Z, lower_back, r, 99.8412, 168.2, 7.7
2017-07-09T14:30:30.000Z, glutes, l, 99.89074, 161.251, 9.1
2017-07-09T14:30:14.000Z, glutes, r, 99.96931, 170.789, 7.4
2017-07-09T14:29:33.000Z, calves, l, 96.966995, 136.627, 9.5
2017-07-09T14:29:16.000Z, calves, r, 99.02108, 141.663, 9.4
2017-07-09T14:28:38.000Z, hamstrings, r, 99.78407, 166.818, 8.6
2017-07-09T14:27:55.000Z, hamstrings, l, 99.69135, 164.211, 8.8
2017-07-09T14:27:20.000Z, forearms, r, 97.45039, 132.733, 8.8
2017-07-09T14:26:44.000Z, forearms, l, 74.426674, 122.328, 11
2017-07-09T14:26:22.000Z, chest, r, 99.617775, 172.25, 8.1
2017-07-09T14:24:19.000Z, chest, l, 99.67343, 173.798, 7.7
2017-07-09T14:23:34.000Z, biceps, r, 87.89362, 133.756, 11.6
2017-07-09T14:23:08.000Z, biceps, l, 94.410904, 138.179, 11.1
2017-07-09T14:22:49.000Z, abs, r, 99.72105, 185.503, 6.1
2017-07-09T14:21:55.000Z, abs, l, 99.67975, 183.834, 6.3
2017-07-09T14:21:11.000Z, quads, l, 98.70989, 162.313, 9.9
2017-07-09T14:20:51.000Z, quads, r, 99.405785, 169.847, 7.9
2017-07-09T06:09:08.000Z, shoulders, l, 99.156235, 153.984, 9.6
2017-07-09T06:08:49.000Z, shoulders, r, 99.10313, 153.594, 10.5
2017-07-09T06:08:32.000Z, biceps, l, 95.29037, 139.063, 10.9
2017-07-09T06:08:18.000Z, biceps, r, 88.106415, 133.87, 11.7
2017-07-09T06:07:45.000Z, hamstrings, l, 99.783806, 166.809, 8.1
2017-07-09T06:07:28.000Z, hamstrings, r, 99.55199, 161.484, 8.7
2017-07-09T06:07:00.000Z, lower_back, l, 99.94315, 176.439, 6.8
2017-07-09T06:06:45.000Z, lower_back, r, 99.91655, 173.362, 7.5
2017-07-09T06:06:07.000Z, triceps, l, 97.81935, 155.399, 10.9
2017-07-09T06:05:42.000Z, upper_back, r, 99.89395, 168.133, 7.1
2017-07-09T06:04:28.000Z, upper_back, l, 99.666954, 162.095, 8
2017-07-09T06:03:17.000Z, chest, l, 99.62637, 172.474, 7.7
2017-07-09T06:02:40.000Z, abs, l, 99.71629, 185.299, 6.1
2017-07-09T06:02:08.000Z, quads, l, 98.74363, 162.573, 9.9
2017-07-09T06:01:45.000Z, chest, r, 99.5837, 171.409, 7.9
2017-07-09T06:01:34.000Z, chest, r, 99.61218, 172.107, 7.8
2017-07-09T06:00:25.000Z, total, r, 99.84664, 172.48, 7.3
2017-07-09T06:00:14.000Z, quads, r, 99.33625, 168.779, 8.1
2017-07-09T05:59:52.000Z, abs, r, 99.83508, 191.845, 5.6
2017-07-09T05:59:24.000Z, triceps, r, 98.177666, 156.816, 11.5
